country,sector,sub_sector,sub_sub_sector,metric,unit,2015,2016,2017,2018,2019,2020,2021,2022,2023,2024,2025,source_link,sources
Algeria,"Climate - Sustainable Agric,Landuse, Water & Oceans",Water use,Pressure on water resources,Agricultural water withdrawal as % of total renewable water resources,%,53.244193023,54.855575555,57.178366332,59.238307477,61.298248622,63.358189766,61.129682009,63.349618582,,,,"https://api.data.apps.fao.org/api/v2/bigquery?sql_url=https://data.apps.fao.org/catalog/dataset/945666e6-7803-4621-b8ef-cfd885a84596/resource/4a000a1b-24f0-4328-aab6-b9b525892090/download/query_en.sql&area=Africa&type=all&variable=4016&year=2015,2016,2017,2018,2019,2020,2021,2022",FAO AQUASTAT
Algeria,"Climate - Sustainable Agric,Landuse, Water & Oceans",Water use,Pressure on water resources,SDG 6.4.1. Industrial Water Use Efficiency,US$/m3,473.475364647,306.884765808,324.62288467,338.432041658,311.96304184,250.489672137,324.363571582,351.158334445,,,,"https://api.data.apps.fao.org/api/v2/bigquery?sql_url=https://data.apps.fao.org/catalog/dataset/945666e6-7803-4621-b8ef-cfd885a84596/resource/4a000a1b-24f0-4328-aab6-b9b525892090/download/query_en.sql&area=Africa&type=all&variable=4016&year=2015,2016,2017,2018,2019,2020,2021,2022",FAO AQUASTAT
Algeria,"Climate - Sustainable Agric,Landuse, Water & Oceans",Water use,Pressure on water resources,SDG 6.4.1. Irrigated Agriculture Water Use Efficiency,US$/m3,0.836578187,0.91475705,0.878023726,0.888527405,0.923370242,0.96994044,0.916501586,0.989323959,,,,"https://api.data.apps.fao.org/api/v2/bigquery?sql_url=https://data.apps.fao.org/catalog/dataset/945666e6-7803-4621-b8ef-cfd885a84596/resource/4a000a1b-24f0-4328-aab6-b9b525892090/download/query_en.sql&area=Africa&type=all&variable=4016&year=2015,2016,2017,2018,2019,2020,2021,2022",FAO AQUASTAT
Algeria,"Climate - Sustainable Agric,Landuse, Water & Oceans",Water use,Pressure on water resources,SDG 6.4.1. Services Water Use Efficiency,US$/m3,26.472775216,25.421917828,23.468318423,22.513121395,23.240539747,23.475400329,24.227368782,25.408560487,,,,"https://api.data.apps.fao.org/api/v2/bigquery?sql_url=https://data.apps.fao.org/catalog/dataset/945666e6-7803-4621-b8ef-cfd885a84596/resource/4a000a1b-24f0-4328-aab6-b9b525892090/download/query_en.sql&area=Africa&type=all&variable=4016&year=2015,2016,2017,2018,2019,2020,2021,2022",FAO AQUASTAT
Algeria,"Climate - Sustainable Agric,Landuse, Water & Oceans",Water use,Pressure on water resources,SDG 6.4.1. Water Use Efficiency,US$/m3,15.372739172,15.00592128,14.561863274,14.418350995,14.115408095,12.980352338,14.395427621,14.321810365,,,,"https://api.data.apps.fao.org/api/v2/bigquery?sql_url=https://data.apps.fao.org/catalog/dataset/945666e6-7803-4621-b8ef-cfd885a84596/resource/4a000a1b-24f0-4328-aab6-b9b525892090/download/query_en.sql&area=Africa&type=all&variable=4016&year=2015,2016,2017,2018,2019,2020,2021,2022",FAO AQUASTAT
Algeria,"Climate - Sustainable Agric,Landuse, Water & Oceans",Water use,Pressure on water resources,SDG 6.4.2. Agricultural Sector Contribution to Water Stress,%,82.959542764,83.301315518,87.943674532,91.397161467,94.856474901,98.321209612,94.408703937,97.648704663,,,,"https://api.data.apps.fao.org/api/v2/bigquery?sql_url=https://data.apps.fao.org/catalog/dataset/945666e6-7803-4621-b8ef-cfd885a84596/resource/4a000a1b-24f0-4328-aab6-b9b525892090/download/query_en.sql&area=Africa&type=all&variable=4016&year=2015,2016,2017,2018,2019,2020,2021,2022",FAO AQUASTAT
Algeria,"Climate - Sustainable Agric,Landuse, Water & Oceans",Water use,Pressure on water resources,SDG 6.4.2. Industrial Sector Contribution to Water Stress,%,1.629276275,2.446976143,2.517949608,2.622808482,2.727869728,2.833119271,2.726891897,2.391342923,,,,"https://api.data.apps.fao.org/api/v2/bigquery?sql_url=https://data.apps.fao.org/catalog/dataset/945666e6-7803-4621-b8ef-cfd885a84596/resource/4a000a1b-24f0-4328-aab6-b9b525892090/download/query_en.sql&area=Africa&type=all&variable=4016&year=2015,2016,2017,2018,2019,2020,2021,2022",FAO AQUASTAT
Algeria,"Climate - Sustainable Agric,Landuse, Water & Oceans",Water use,Pressure on water resources,SDG 6.4.2. Municipal Sector Contribution to Water Stress,%,41.399643041,44.123665564,47.458736069,47.779195193,48.093625447,48.402446128,43.458184945,44.774923569,,,,"https://api.data.apps.fao.org/api/v2/bigquery?sql_url=https://data.apps.fao.org/catalog/dataset/945666e6-7803-4621-b8ef-cfd885a84596/resource/4a000a1b-24f0-4328-aab6-b9b525892090/download/query_en.sql&area=Africa&type=all&variable=4016&year=2015,2016,2017,2018,2019,2020,2021,2022",FAO AQUASTAT
Algeria,"Climate - Sustainable Agric,Landuse, Water & Oceans",Water use,Pressure on water resources,SDG 6.4.2. Water Stress,%,125.98846208,129.871957225,137.920360208,141.799165142,145.677970077,149.556775011,140.59378078,144.814971155,,,,"https://api.data.apps.fao.org/api/v2/bigquery?sql_url=https://data.apps.fao.org/catalog/dataset/945666e6-7803-4621-b8ef-cfd885a84596/resource/4a000a1b-24f0-4328-aab6-b9b525892090/download/query_en.sql&area=Africa&type=all&variable=4016&year=2015,2016,2017,2018,2019,2020,2021,2022",FAO AQUASTAT
Angola,"Climate - Sustainable Agric,Landuse, Water & Oceans",Water use,Pressure on water resources,Agricultural water withdrawal as % of total renewable water resources,%,0.098854447,0.098854447,0.098854447,0.098854447,0.098854447,0.098854447,0.098854447,0.098854447,,,,"https://api.data.apps.fao.org/api/v2/bigquery?sql_url=https://data.apps.fao.org/catalog/dataset/945666e6-7803-4621-b8ef-cfd885a84596/resource/4a000a1b-24f0-4328-aab6-b9b525892090/download/query_en.sql&area=Africa&type=all&variable=4016&year=2015,2016,2017,2018,2019,2020,2021,2022",FAO AQUASTAT
Angola,"Climate - Sustainable Agric,Landuse, Water & Oceans",Water use,Pressure on water resources,SDG 6.4.1. Industrial Water Use Efficiency,US$/m3,200.889720229,198.802540531,196.843541251,220.80823259,227.434620964,196.21306479,208.851726629,202.180575971,,,,"https://api.data.apps.fao.org/api/v2/bigquery?sql_url=https://data.apps.fao.org/catalog/dataset/945666e6-7803-4621-b8ef-cfd885a84596/resource/4a000a1b-24f0-4328-aab6-b9b525892090/download/query_en.sql&area=Africa&type=all&variable=4016&year=2015,2016,2017,2018,2019,2020,2021,2022",FAO AQUASTAT
Angola,"Climate - Sustainable Agric,Landuse, Water & Oceans",Water use,Pressure on water resources,SDG 6.4.1. Irrigated Agriculture Water Use Efficiency,US$/m3,0.345750027,0.362920034,0.36941015,0.313312272,0.284910505,0.339239044,0.400000508,0.488387385,,,,"https://api.data.apps.fao.org/api/v2/bigquery?sql_url=https://data.apps.fao.org/catalog/dataset/945666e6-7803-4621-b8ef-cfd885a84596/resource/4a000a1b-24f0-4328-aab6-b9b525892090/download/query_en.sql&area=Africa&type=all&variable=4016&year=2015,2016,2017,2018,2019,2020,2021,2022",FAO AQUASTAT
Angola,"Climate - Sustainable Agric,Landuse, Water & Oceans",Water use,Pressure on water resources,SDG 6.4.1. Services Water Use Efficiency,US$/m3,178.811009565,168.379874221,167.075733458,152.724389646,148.113080587,147.63491679,138.948997778,142.960474595,,,,"https://api.data.apps.fao.org/api/v2/bigquery?sql_url=https://data.apps.fao.org/catalog/dataset/945666e6-7803-4621-b8ef-cfd885a84596/resource/4a000a1b-24f0-4328-aab6-b9b525892090/download/query_en.sql&area=Africa&type=all&variable=4016&year=2015,2016,2017,2018,2019,2020,2021,2022",FAO AQUASTAT
Angola,"Climate - Sustainable Agric,Landuse, Water & Oceans",Water use,Pressure on water resources,SDG 6.4.1. Water Use Efficiency,US$/m3,149.212264171,143.785348391,142.531314526,144.158483891,144.314622841,133.510587427,133.881777508,133.451380086,,,,"https://api.data.apps.fao.org/api/v2/bigquery?sql_url=https://data.apps.fao.org/catalog/dataset/945666e6-7803-4621-b8ef-cfd885a84596/resource/4a000a1b-24f0-4328-aab6-b9b525892090/download/query_en.sql&area=Africa&type=all&variable=4016&year=2015,2016,2017,2018,2019,2020,2021,2022",FAO AQUASTAT
Angola,"Climate - Sustainable Agric,Landuse, Water & Oceans",Water use,Pressure on water resources,SDG 6.4.2. Agricultural Sector Contribution to Water Stress,%,0.389069536,0.389069536,0.389069536,0.389069536,0.389069536,0.389069536,0.389069536,0.389069536,,,,"https://api.data.apps.fao.org/api/v2/bigquery?sql_url=https://data.apps.fao.org/catalog/dataset/945666e6-7803-4621-b8ef-cfd885a84596/resource/4a000a1b-24f0-4328-aab6-b9b525892090/download/query_en.sql&area=Africa&type=all&variable=4016&year=2015,2016,2017,2018,2019,2020,2021,2022",FAO AQUASTAT
Angola,"Climate - Sustainable Agric,Landuse, Water & Oceans",Water use,Pressure on water resources,SDG 6.4.2. Industrial Sector Contribution to Water Stress,%,0.635453721,0.635453721,0.635453721,0.635453721,0.635453721,0.635453721,0.635453721,0.635453721,,,,"https://api.data.apps.fao.org/api/v2/bigquery?sql_url=https://data.apps.fao.org/catalog/dataset/945666e6-7803-4621-b8ef-cfd885a84596/resource/4a000a1b-24f0-4328-aab6-b9b525892090/download/query_en.sql&area=Africa&type=all&variable=4016&year=2015,2016,2017,2018,2019,2020,2021,2022",FAO AQUASTAT
Angola,"Climate - Sustainable Agric,Landuse, Water & Oceans",Water use,Pressure on water resources,SDG 6.4.2. Municipal Sector Contribution to Water Stress,%,0.847360032,0.847360032,0.847360032,0.847360032,0.847360032,0.847360032,0.847360032,0.847360032,,,,"https://api.data.apps.fao.org/api/v2/bigquery?sql_url=https://data.apps.fao.org/catalog/dataset/945666e6-7803-4621-b8ef-cfd885a84596/resource/4a000a1b-24f0-4328-aab6-b9b525892090/download/query_en.sql&area=Africa&type=all&variable=4016&year=2015,2016,2017,2018,2019,2020,2021,2022",FAO AQUASTAT
Angola,"Climate - Sustainable Agric,Landuse, Water & Oceans",Water use,Pressure on water resources,SDG 6.4.2. Water Stress,%,1.871883289,1.871883289,1.871883289,1.871883289,1.871883289,1.871883289,1.871883289,1.871883289,,,,"https://api.data.apps.fao.org/api/v2/bigquery?sql_url=https://data.apps.fao.org/catalog/dataset/945666e6-7803-4621-b8ef-cfd885a84596/resource/4a000a1b-24f0-4328-aab6-b9b525892090/download/query_en.sql&area=Africa&type=all&variable=4016&year=2015,2016,2017,2018,2019,2020,2021,2022",FAO AQUASTAT
Benin,"Climate - Sustainable Agric,Landuse, Water & Oceans",Water use,Pressure on water resources,Agricultural water withdrawal as % of total renewable water resources,%,0.223569534,0.223569534,0.223569534,0.223569534,0.223569534,0.223569534,0.223569534,0.223569534,,,,"https://api.data.apps.fao.org/api/v2/bigquery?sql_url=https://data.apps.fao.org/catalog/dataset/945666e6-7803-4621-b8ef-cfd885a84596/resource/4a000a1b-24f0-4328-aab6-b9b525892090/download/query_en.sql&area=Africa&type=all&variable=4016&year=2015,2016,2017,2018,2019,2020,2021,2022",FAO AQUASTAT
Benin,"Climate - Sustainable Agric,Landuse, Water & Oceans",Water use,Pressure on water resources,SDG 6.4.1. Industrial Water Use Efficiency,US$/m3,57.1129315,58.566195532,59.461813179,61.595810644,73.650779385,76.025160899,82.198953405,90.224097723,,,,"https://api.data.apps.fao.org/api/v2/bigquery?sql_url=https://data.apps.fao.org/catalog/dataset/945666e6-7803-4621-b8ef-cfd885a84596/resource/4a000a1b-24f0-4328-aab6-b9b525892090/download/query_en.sql&area=Africa&type=all&variable=4016&year=2015,2016,2017,2018,2019,2020,2021,2022",FAO AQUASTAT
Benin,"Climate - Sustainable Agric,Landuse, Water & Oceans",Water use,Pressure on water resources,SDG 6.4.1. Irrigated Agriculture Water Use Efficiency,US$/m3,0.508076834,0.552132961,0.598905745,0.62949978,0.644218271,0.674822141,0.760981226,0.762303277,,,,"https://api.data.apps.fao.org/api/v2/bigquery?sql_url=https://data.apps.fao.org/catalog/dataset/945666e6-7803-4621-b8ef-cfd885a84596/resource/4a000a1b-24f0-4328-aab6-b9b525892090/download/query_en.sql&area=Africa&type=all&variable=4016&year=2015,2016,2017,2018,2019,2020,2021,2022",FAO AQUASTAT
Benin,"Climate - Sustainable Agric,Landuse, Water & Oceans",Water use,Pressure on water resources,SDG 6.4.1. Services Water Use Efficiency,US$/m3,35.303994791,38.386734197,42.124598042,45.267432003,47.632923972,49.40766796,50.795292214,55.177288848,,,,"https://api.data.apps.fao.org/api/v2/bigquery?sql_url=https://data.apps.fao.org/catalog/dataset/945666e6-7803-4621-b8ef-cfd885a84596/resource/4a000a1b-24f0-4328-aab6-b9b525892090/download/query_en.sql&area=Africa&type=all&variable=4016&year=2015,2016,2017,2018,2019,2020,2021,2022",FAO AQUASTAT
Benin,"Climate - Sustainable Agric,Landuse, Water & Oceans",Water use,Pressure on water resources,SDG 6.4.1. Water Use Efficiency,US$/m3,29.753633449,31.579798495,33.877164745,36.105950627,39.120966818,40.532825588,42.205913955,45.950451744,,,,"https://api.data.apps.fao.org/api/v2/bigquery?sql_url=https://data.apps.fao.org/catalog/dataset/945666e6-7803-4621-b8ef-cfd885a84596/resource/4a000a1b-24f0-4328-aab6-b9b525892090/download/query_en.sql&area=Africa&type=all&variable=4016&year=2015,2016,2017,2018,2019,2020,2021,2022",FAO AQUASTAT
Benin,"Climate - Sustainable Agric,Landuse, Water & Oceans",Water use,Pressure on water resources,SDG 6.4.2. Agricultural Sector Contribution to Water Stress,%,0.228330892,0.240750564,0.245894807,0.245894807,0.245894807,0.245894807,0.245894807,0.245894807,,,,"https://api.data.apps.fao.org/api/v2/bigquery?sql_url=https://data.apps.fao.org/catalog/dataset/945666e6-7803-4621-b8ef-cfd885a84596/resource/4a000a1b-24f0-4328-aab6-b9b525892090/download/query_en.sql&area=Africa&type=all&variable=4016&year=2015,2016,2017,2018,2019,2020,2021,2022",FAO AQUASTAT
Benin,"Climate - Sustainable Agric,Landuse, Water & Oceans",Water use,Pressure on water resources,SDG 6.4.2. Industrial Sector Contribution to Water Stress,%,0.116100454,0.122415541,0.125031258,0.125031258,0.125031258,0.125031258,0.125031258,0.125031258,,,,"https://api.data.apps.fao.org/api/v2/bigquery?sql_url=https://data.apps.fao.org/catalog/dataset/945666e6-7803-4621-b8ef-cfd885a84596/resource/4a000a1b-24f0-4328-aab6-b9b525892090/download/query_en.sql&area=Africa&type=all&variable=4016&year=2015,2016,2017,2018,2019,2020,2021,2022",FAO AQUASTAT
Benin,"Climate - Sustainable Agric,Landuse, Water & Oceans",Water use,Pressure on water resources,SDG 6.4.2. Municipal Sector Contribution to Water Stress,%,0.630812465,0.612077706,0.604317746,0.604317746,0.604317746,0.604317746,0.604317746,0.604317746,,,,"https://api.data.apps.fao.org/api/v2/bigquery?sql_url=https://data.apps.fao.org/catalog/dataset/945666e6-7803-4621-b8ef-cfd885a84596/resource/4a000a1b-24f0-4328-aab6-b9b525892090/download/query_en.sql&area=Africa&type=all&variable=4016&year=2015,2016,2017,2018,2019,2020,2021,2022",FAO AQUASTAT
Benin,"Climate - Sustainable Agric,Landuse, Water & Oceans",Water use,Pressure on water resources,SDG 6.4.2. Water Stress,%,0.975243811,0.975243811,0.975243811,0.975243811,0.975243811,0.975243811,0.975243811,0.975243811,,,,"https://api.data.apps.fao.org/api/v2/bigquery?sql_url=https://data.apps.fao.org/catalog/dataset/945666e6-7803-4621-b8ef-cfd885a84596/resource/4a000a1b-24f0-4328-aab6-b9b525892090/download/query_en.sql&area=Africa&type=all&variable=4016&year=2015,2016,2017,2018,2019,2020,2021,2022",FAO AQUASTAT
Botswana,"Climate - Sustainable Agric,Landuse, Water & Oceans",Water use,Pressure on water resources,Agricultural water withdrawal as % of total renewable water resources,%,0.557189542,0.661764706,0.56372549,0.650326797,0.609395425,0.665601307,0.637251128,0.487425302,,,,"https://api.data.apps.fao.org/api/v2/bigquery?sql_url=https://data.apps.fao.org/catalog/dataset/945666e6-7803-4621-b8ef-cfd885a84596/resource/4a000a1b-24f0-4328-aab6-b9b525892090/download/query_en.sql&area=Africa&type=all&variable=4016&year=2015,2016,2017,2018,2019,2020,2021,2022",FAO AQUASTAT
Botswana,"Climate - Sustainable Agric,Landuse, Water & Oceans",Water use,Pressure on water resources,SDG 6.4.1. Industrial Water Use Efficiency,US$/m3,157.259918264,236.611943026,228.772049419,191.613316015,177.701566432,125.085340366,192.057629029,260.900943747,,,,"https://api.data.apps.fao.org/api/v2/bigquery?sql_url=https://data.apps.fao.org/catalog/dataset/945666e6-7803-4621-b8ef-cfd885a84596/resource/4a000a1b-24f0-4328-aab6-b9b525892090/download/query_en.sql&area=Africa&type=all&variable=4016&year=2015,2016,2017,2018,2019,2020,2021,2022",FAO AQUASTAT
Botswana,"Climate - Sustainable Agric,Landuse, Water & Oceans",Water use,Pressure on water resources,SDG 6.4.1. Irrigated Agriculture Water Use Efficiency,US$/m3,0.059021915,0.063009868,0.076895298,0.080308882,0.087565483,0.078032029,0.066458976,0.099092216,,,,"https://api.data.apps.fao.org/api/v2/bigquery?sql_url=https://data.apps.fao.org/catalog/dataset/945666e6-7803-4621-b8ef-cfd885a84596/resource/4a000a1b-24f0-4328-aab6-b9b525892090/download/query_en.sql&area=Africa&type=all&variable=4016&year=2015,2016,2017,2018,2019,2020,2021,2022",FAO AQUASTAT
Botswana,"Climate - Sustainable Agric,Landuse, Water & Oceans",Water use,Pressure on water resources,SDG 6.4.1. Services Water Use Efficiency,US$/m3,89.095228734,83.326788775,88.000558777,97.309311028,101.726747076,91.379957332,79.253477279,77.274798309,,,,"https://api.data.apps.fao.org/api/v2/bigquery?sql_url=https://data.apps.fao.org/catalog/dataset/945666e6-7803-4621-b8ef-cfd885a84596/resource/4a000a1b-24f0-4328-aab6-b9b525892090/download/query_en.sql&area=Africa&type=all&variable=4016&year=2015,2016,2017,2018,2019,2020,2021,2022",FAO AQUASTAT
Botswana,"Climate - Sustainable Agric,Landuse, Water & Oceans",Water use,Pressure on water resources,SDG 6.4.1. Water Use Efficiency,US$/m3,68.049715099,68.098162896,73.634341683,71.944803012,74.80077723,62.185002922,66.117878444,76.603577888,,,,"https://api.data.apps.fao.org/api/v2/bigquery?sql_url=https://data.apps.fao.org/catalog/dataset/945666e6-7803-4621-b8ef-cfd885a84596/resource/4a000a1b-24f0-4328-aab6-b9b525892090/download/query_en.sql&area=Africa&type=all&variable=4016&year=2015,2016,2017,2018,2019,2020,2021,2022",FAO AQUASTAT
Botswana,"Climate - Sustainable Agric,Landuse, Water & Oceans",Water use,Pressure on water resources,SDG 6.4.2. Agricultural Sector Contribution to Water Stress,%,0.713545072,0.847014535,0.7215309,0.832374778,0.780023975,0.851925128,0.815638795,0.623791133,,,,"https://api.data.apps.fao.org/api/v2/bigquery?sql_url=https://data.apps.fao.org/catalog/dataset/945666e6-7803-4621-b8ef-cfd885a84596/resource/4a000a1b-24f0-4328-aab6-b9b525892090/download/query_en.sql&area=Africa&type=all&variable=4016&year=2015,2016,2017,2018,2019,2020,2021,2022",FAO AQUASTAT
Botswana,"Climate - Sustainable Agric,Landuse, Water & Oceans",Water use,Pressure on water resources,SDG 6.4.2. Industrial Sector Contribution to Water Stress,%,0.325384923,0.25096727,0.244693088,0.284429572,0.294901141,0.311163861,0.288093036,0.254019889,,,,"https://api.data.apps.fao.org/api/v2/bigquery?sql_url=https://data.apps.fao.org/catalog/dataset/945666e6-7803-4621-b8ef-cfd885a84596/resource/4a000a1b-24f0-4328-aab6-b9b525892090/download/query_en.sql&area=Africa&type=all&variable=4016&year=2015,2016,2017,2018,2019,2020,2021,2022",FAO AQUASTAT
Botswana,"Climate - Sustainable Agric,Landuse, Water & Oceans",Water use,Pressure on water resources,SDG 6.4.2. Municipal Sector Contribution to Water Stress,%,0.925934588,1.00700617,1.051971139,1.016417442,1.037382737,1.141915717,1.339241201,1.352198797,,,,"https://api.data.apps.fao.org/api/v2/bigquery?sql_url=https://data.apps.fao.org/catalog/dataset/945666e6-7803-4621-b8ef-cfd885a84596/resource/4a000a1b-24f0-4328-aab6-b9b525892090/download/query_en.sql&area=Africa&type=all&variable=4016&year=2015,2016,2017,2018,2019,2020,2021,2022",FAO AQUASTAT
Botswana,"Climate - Sustainable Agric,Landuse, Water & Oceans",Water use,Pressure on water resources,SDG 6.4.2. Water Stress,%,1.964864582,2.104987975,2.018195127,2.133221792,2.112307853,2.305004706,2.442973031,2.230009819,,,,"https://api.data.apps.fao.org/api/v2/bigquery?sql_url=https://data.apps.fao.org/catalog/dataset/945666e6-7803-4621-b8ef-cfd885a84596/resource/4a000a1b-24f0-4328-aab6-b9b525892090/download/query_en.sql&area=Africa&type=all&variable=4016&year=2015,2016,2017,2018,2019,2020,2021,2022",FAO AQUASTAT
Burkina Faso,"Climate - Sustainable Agric,Landuse, Water & Oceans",Water use,Pressure on water resources,Agricultural water withdrawal as % of total renewable water resources,%,3.116296296,3.116296296,3.116296296,3.116296296,3.116296296,3.116296296,3.116296296,3.116296296,,,,"https://api.data.apps.fao.org/api/v2/bigquery?sql_url=https://data.apps.fao.org/catalog/dataset/945666e6-7803-4621-b8ef-cfd885a84596/resource/4a000a1b-24f0-4328-aab6-b9b525892090/download/query_en.sql&area=Africa&type=all&variable=4016&year=2015,2016,2017,2018,2019,2020,2021,2022",FAO AQUASTAT
Burkina Faso,"Climate - Sustainable Agric,Landuse, Water & Oceans",Water use,Pressure on water resources,SDG 6.4.1. Industrial Water Use Efficiency,US$/m3,128.228677051,138.173387025,149.203363062,161.676111543,169.690105304,228.259575102,240.566777613,225.359581942,,,,"https://api.data.apps.fao.org/api/v2/bigquery?sql_url=https://data.apps.fao.org/catalog/dataset/945666e6-7803-4621-b8ef-cfd885a84596/resource/4a000a1b-24f0-4328-aab6-b9b525892090/download/query_en.sql&area=Africa&type=all&variable=4016&year=2015,2016,2017,2018,2019,2020,2021,2022",FAO AQUASTAT
Burkina Faso,"Climate - Sustainable Agric,Landuse, Water & Oceans",Water use,Pressure on water resources,SDG 6.4.1. Irrigated Agriculture Water Use Efficiency,US$/m3,0.047987876,0.048783934,0.049116293,0.05340776,0.043061989,0.051352511,0.051622902,0.060783265,,,,"https://api.data.apps.fao.org/api/v2/bigquery?sql_url=https://data.apps.fao.org/catalog/dataset/945666e6-7803-4621-b8ef-cfd885a84596/resource/4a000a1b-24f0-4328-aab6-b9b525892090/download/query_en.sql&area=Africa&type=all&variable=4016&year=2015,2016,2017,2018,2019,2020,2021,2022",FAO AQUASTAT
Burkina Faso,"Climate - Sustainable Agric,Landuse, Water & Oceans",Water use,Pressure on water resources,SDG 6.4.1. Services Water Use Efficiency,US$/m3,14.078007841,14.926884631,15.859918947,16.768210394,16.546992324,16.171377603,17.658627733,17.418853906,,,,"https://api.data.apps.fao.org/api/v2/bigquery?sql_url=https://data.apps.fao.org/catalog/dataset/945666e6-7803-4621-b8ef-cfd885a84596/resource/4a000a1b-24f0-4328-aab6-b9b525892090/download/query_en.sql&area=Africa&type=all&variable=4016&year=2015,2016,2017,2018,2019,2020,2021,2022",FAO AQUASTAT
Burkina Faso,"Climate - Sustainable Agric,Landuse, Water & Oceans",Water use,Pressure on water resources,SDG 6.4.1. Water Use Efficiency,US$/m3,9.890526328,10.544527832,11.265723422,12.01586808,12.121566969,13.507098055,14.516622745,14.00781904,,,,"https://api.data.apps.fao.org/api/v2/bigquery?sql_url=https://data.apps.fao.org/catalog/dataset/945666e6-7803-4621-b8ef-cfd885a84596/resource/4a000a1b-24f0-4328-aab6-b9b525892090/download/query_en.sql&area=Africa&type=all&variable=4016&year=2015,2016,2017,2018,2019,2020,2021,2022",FAO AQUASTAT
Burkina Faso,"Climate - Sustainable Agric,Landuse, Water & Oceans",Water use,Pressure on water resources,SDG 6.4.2. Agricultural Sector Contribution to Water Stress,%,4.021988528,4.021988528,4.021988528,4.021988528,4.021988528,4.021988528,4.021988528,4.021988528,,,,"https://api.data.apps.fao.org/api/v2/bigquery?sql_url=https://data.apps.fao.org/catalog/dataset/945666e6-7803-4621-b8ef-cfd885a84596/resource/4a000a1b-24f0-4328-aab6-b9b525892090/download/query_en.sql&area=Africa&type=all&variable=4016&year=2015,2016,2017,2018,2019,2020,2021,2022",FAO AQUASTAT
Burkina Faso,"Climate - Sustainable Agric,Landuse, Water & Oceans",Water use,Pressure on water resources,SDG 6.4.2. Industrial Sector Contribution to Water Stress,%,0.207456979,0.207456979,0.207456979,0.207456979,0.207456979,0.207456979,0.207456979,0.207456979,,,,"https://api.data.apps.fao.org/api/v2/bigquery?sql_url=https://data.apps.fao.org/catalog/dataset/945666e6-7803-4621-b8ef-cfd885a84596/resource/4a000a1b-24f0-4328-aab6-b9b525892090/download/query_en.sql&area=Africa&type=all&variable=4016&year=2015,2016,2017,2018,2019,2020,2021,2022",FAO AQUASTAT
Burkina Faso,"Climate - Sustainable Agric,Landuse, Water & Oceans",Water use,Pressure on water resources,SDG 6.4.2. Municipal Sector Contribution to Water Stress,%,3.59082218,3.59082218,3.59082218,3.59082218,3.59082218,3.59082218,3.59082218,3.59082218,,,,"https://api.data.apps.fao.org/api/v2/bigquery?sql_url=https://data.apps.fao.org/catalog/dataset/945666e6-7803-4621-b8ef-cfd885a84596/resource/4a000a1b-24f0-4328-aab6-b9b525892090/download/query_en.sql&area=Africa&type=all&variable=4016&year=2015,2016,2017,2018,2019,2020,2021,2022",FAO AQUASTAT
Burkina Faso,"Climate - Sustainable Agric,Landuse, Water & Oceans",Water use,Pressure on water resources,SDG 6.4.2. Water Stress,%,7.820267686,7.820267686,7.820267686,7.820267686,7.820267686,7.820267686,7.820267686,7.820267686,,,,"https://api.data.apps.fao.org/api/v2/bigquery?sql_url=https://data.apps.fao.org/catalog/dataset/945666e6-7803-4621-b8ef-cfd885a84596/resource/4a000a1b-24f0-4328-aab6-b9b525892090/download/query_en.sql&area=Africa&type=all&variable=4016&year=2015,2016,2017,2018,2019,2020,2021,2022",FAO AQUASTAT
Burundi,"Climate - Sustainable Agric,Landuse, Water & Oceans",Water use,Pressure on water resources,Agricultural water withdrawal as % of total renewable water resources,%,1.770899809,1.770899809,1.770899809,1.770899809,1.770899809,1.770899809,1.770899809,1.770899809,,,,"https://api.data.apps.fao.org/api/v2/bigquery?sql_url=https://data.apps.fao.org/catalog/dataset/945666e6-7803-4621-b8ef-cfd885a84596/resource/4a000a1b-24f0-4328-aab6-b9b525892090/download/query_en.sql&area=Africa&type=all&variable=4016&year=2015,2016,2017,2018,2019,2020,2021,2022",FAO AQUASTAT
Burundi,"Climate - Sustainable Agric,Landuse, Water & Oceans",Water use,Pressure on water resources,SDG 6.4.1. Industrial Water Use Efficiency,US$/m3,27.781610133,31.643783942,32.84543212,36.5410633,37.073413025,36.603983619,37.229677741,38.035827573,,,,"https://api.data.apps.fao.org/api/v2/bigquery?sql_url=https://data.apps.fao.org/catalog/dataset/945666e6-7803-4621-b8ef-cfd885a84596/resource/4a000a1b-24f0-4328-aab6-b9b525892090/download/query_en.sql&area=Africa&type=all&variable=4016&year=2015,2016,2017,2018,2019,2020,2021,2022",FAO AQUASTAT
Burundi,"Climate - Sustainable Agric,Landuse, Water & Oceans",Water use,Pressure on water resources,SDG 6.4.1. Irrigated Agriculture Water Use Efficiency,US$/m3,0.054417562,0.056649194,0.061877253,0.061590087,0.062118225,0.061847325,0.063843159,0.062542698,,,,"https://api.data.apps.fao.org/api/v2/bigquery?sql_url=https://data.apps.fao.org/catalog/dataset/945666e6-7803-4621-b8ef-cfd885a84596/resource/4a000a1b-24f0-4328-aab6-b9b525892090/download/query_en.sql&area=Africa&type=all&variable=4016&year=2015,2016,2017,2018,2019,2020,2021,2022",FAO AQUASTAT
Burundi,"Climate - Sustainable Agric,Landuse, Water & Oceans",Water use,Pressure on water resources,SDG 6.4.1. Services Water Use Efficiency,US$/m3,28.706006288,27.452106025,28.088064722,30.586367657,32.962065708,31.439956163,31.936416777,32.941595907,,,,"https://api.data.apps.fao.org/api/v2/bigquery?sql_url=https://data.apps.fao.org/catalog/dataset/945666e6-7803-4621-b8ef-cfd885a84596/resource/4a000a1b-24f0-4328-aab6-b9b525892090/download/query_en.sql&area=Africa&type=all&variable=4016&year=2015,2016,2017,2018,2019,2020,2021,2022",FAO AQUASTAT
Burundi,"Climate - Sustainable Agric,Landuse, Water & Oceans",Water use,Pressure on water resources,SDG 6.4.1. Water Use Efficiency,US$/m3,5.94799615,5.963651017,6.130002933,6.7121078,7.106592193,6.847025959,6.958507356,7.155318373,,,,"https://api.data.apps.fao.org/api/v2/bigquery?sql_url=https://data.apps.fao.org/catalog/dataset/945666e6-7803-4621-b8ef-cfd885a84596/resource/4a000a1b-24f0-4328-aab6-b9b525892090/download/query_en.sql&area=Africa&type=all&variable=4016&year=2015,2016,2017,2018,2019,2020,2021,2022",FAO AQUASTAT
Burundi,"Climate - Sustainable Agric,Landuse, Water & Oceans",Water use,Pressure on water resources,SDG 6.4.2. Agricultural Sector Contribution to Water Stress,%,8.07860262,8.07860262,8.07860262,8.07860262,8.07860262,8.07860262,8.07860262,8.07860262,,,,"https://api.data.apps.fao.org/api/v2/bigquery?sql_url=https://data.apps.fao.org/catalog/dataset/945666e6-7803-4621-b8ef-cfd885a84596/resource/4a000a1b-24f0-4328-aab6-b9b525892090/download/query_en.sql&area=Africa&type=all&variable=4016&year=2015,2016,2017,2018,2019,2020,2021,2022",FAO AQUASTAT
Burundi,"Climate - Sustainable Agric,Landuse, Water & Oceans",Water use,Pressure on water resources,SDG 6.4.2. Industrial Sector Contribution to Water Stress,%,0.545851528,0.545851528,0.545851528,0.545851528,0.545851528,0.545851528,0.545851528,0.545851528,,,,"https://api.data.apps.fao.org/api/v2/bigquery?sql_url=https://data.apps.fao.org/catalog/dataset/945666e6-7803-4621-b8ef-cfd885a84596/resource/4a000a1b-24f0-4328-aab6-b9b525892090/download/query_en.sql&area=Africa&type=all&variable=4016&year=2015,2016,2017,2018,2019,2020,2021,2022",FAO AQUASTAT
Burundi,"Climate - Sustainable Agric,Landuse, Water & Oceans",Water use,Pressure on water resources,SDG 6.4.2. Municipal Sector Contribution to Water Stress,%,1.568413392,1.568413392,1.568413392,1.568413392,1.568413392,1.568413392,1.568413392,1.568413392,,,,"https://api.data.apps.fao.org/api/v2/bigquery?sql_url=https://data.apps.fao.org/catalog/dataset/945666e6-7803-4621-b8ef-cfd885a84596/resource/4a000a1b-24f0-4328-aab6-b9b525892090/download/query_en.sql&area=Africa&type=all&variable=4016&year=2015,2016,2017,2018,2019,2020,2021,2022",FAO AQUASTAT
Burundi,"Climate - Sustainable Agric,Landuse, Water & Oceans",Water use,Pressure on water resources,SDG 6.4.2. Water Stress,%,10.19286754,10.19286754,10.19286754,10.19286754,10.19286754,10.19286754,10.19286754,10.19286754,,,,"https://api.data.apps.fao.org/api/v2/bigquery?sql_url=https://data.apps.fao.org/catalog/dataset/945666e6-7803-4621-b8ef-cfd885a84596/resource/4a000a1b-24f0-4328-aab6-b9b525892090/download/query_en.sql&area=Africa&type=all&variable=4016&year=2015,2016,2017,2018,2019,2020,2021,2022",FAO AQUASTAT
Cameroon,"Climate - Sustainable Agric,Landuse, Water & Oceans",Water use,Pressure on water resources,Agricultural water withdrawal as % of total renewable water resources,%,0.260286067,0.260286067,0.260286067,0.260286067,0.260286067,0.260286067,0.260286067,0.260286067,,,,"https://api.data.apps.fao.org/api/v2/bigquery?sql_url=https://data.apps.fao.org/catalog/dataset/945666e6-7803-4621-b8ef-cfd885a84596/resource/4a000a1b-24f0-4328-aab6-b9b525892090/download/query_en.sql&area=Africa&type=all&variable=4016&year=2015,2016,2017,2018,2019,2020,2021,2022",FAO AQUASTAT
Cameroon,"Climate - Sustainable Agric,Landuse, Water & Oceans",Water use,Pressure on water resources,SDG 6.4.1. Industrial Water Use Efficiency,US$/m3,71.973032151,72.406029779,74.242156564,80.267266588,80.15260606,77.375037738,86.138227133,91.719302923,,,,"https://api.data.apps.fao.org/api/v2/bigquery?sql_url=https://data.apps.fao.org/catalog/dataset/945666e6-7803-4621-b8ef-cfd885a84596/resource/4a000a1b-24f0-4328-aab6-b9b525892090/download/query_en.sql&area=Africa&type=all&variable=4016&year=2015,2016,2017,2018,2019,2020,2021,2022",FAO AQUASTAT
Cameroon,"Climate - Sustainable Agric,Landuse, Water & Oceans",Water use,Pressure on water resources,SDG 6.4.1. Irrigated Agriculture Water Use Efficiency,US$/m3,0.054113074,0.056512463,0.056819085,0.058373281,0.061512832,0.064222197,0.064335685,0.066881162,,,,"https://api.data.apps.fao.org/api/v2/bigquery?sql_url=https://data.apps.fao.org/catalog/dataset/945666e6-7803-4621-b8ef-cfd885a84596/resource/4a000a1b-24f0-4328-aab6-b9b525892090/download/query_en.sql&area=Africa&type=all&variable=4016&year=2015,2016,2017,2018,2019,2020,2021,2022",FAO AQUASTAT
Cameroon,"Climate - Sustainable Agric,Landuse, Water & Oceans",Water use,Pressure on water resources,SDG 6.4.1. Services Water Use Efficiency,US$/m3,66.851497982,71.079457159,73.868963848,76.223825617,79.685988584,81.076798681,82.707338509,85.111226865,,,,"https://api.data.apps.fao.org/api/v2/bigquery?sql_url=https://data.apps.fao.org/catalog/dataset/945666e6-7803-4621-b8ef-cfd885a84596/resource/4a000a1b-24f0-4328-aab6-b9b525892090/download/query_en.sql&area=Africa&type=all&variable=4016&year=2015,2016,2017,2018,2019,2020,2021,2022",FAO AQUASTAT
Cameroon,"Climate - Sustainable Agric,Landuse, Water & Oceans",Water use,Pressure on water resources,SDG 6.4.1. Water Use Efficiency,US$/m3,22.112468027,23.114416048,23.923617714,25.03768592,25.813854772,25.864125892,27.076116411,28.15929924,,,,"https://api.data.apps.fao.org/api/v2/bigquery?sql_url=https://data.apps.fao.org/catalog/dataset/945666e6-7803-4621-b8ef-cfd885a84596/resource/4a000a1b-24f0-4328-aab6-b9b525892090/download/query_en.sql&area=Africa&type=all&variable=4016&year=2015,2016,2017,2018,2019,2020,2021,2022",FAO AQUASTAT
Cameroon,"Climate - Sustainable Agric,Landuse, Water & Oceans",Water use,Pressure on water resources,SDG 6.4.2. Agricultural Sector Contribution to Water Stress,%,1.056630824,1.056630824,1.056630824,1.056630824,1.056630824,1.056630824,1.056630824,1.056630824,,,,"https://api.data.apps.fao.org/api/v2/bigquery?sql_url=https://data.apps.fao.org/catalog/dataset/945666e6-7803-4621-b8ef-cfd885a84596/resource/4a000a1b-24f0-4328-aab6-b9b525892090/download/query_en.sql&area=Africa&type=all&variable=4016&year=2015,2016,2017,2018,2019,2020,2021,2022",FAO AQUASTAT
Cameroon,"Climate - Sustainable Agric,Landuse, Water & Oceans",Water use,Pressure on water resources,SDG 6.4.2. Industrial Sector Contribution to Water Stress,%,0.149964158,0.149964158,0.149964158,0.149964158,0.149964158,0.149964158,0.149964158,0.149964158,,,,"https://api.data.apps.fao.org/api/v2/bigquery?sql_url=https://data.apps.fao.org/catalog/dataset/945666e6-7803-4621-b8ef-cfd885a84596/resource/4a000a1b-24f0-4328-aab6-b9b525892090/download/query_en.sql&area=Africa&type=all&variable=4016&year=2015,2016,2017,2018,2019,2020,2021,2022",FAO AQUASTAT
Cameroon,"Climate - Sustainable Agric,Landuse, Water & Oceans",Water use,Pressure on water resources,SDG 6.4.2. Municipal Sector Contribution to Water Stress,%,0.353835125,0.353835125,0.353835125,0.353835125,0.353835125,0.353835125,0.353835125,0.353835125,,,,"https://api.data.apps.fao.org/api/v2/bigquery?sql_url=https://data.apps.fao.org/catalog/dataset/945666e6-7803-4621-b8ef-cfd885a84596/resource/4a000a1b-24f0-4328-aab6-b9b525892090/download/query_en.sql&area=Africa&type=all&variable=4016&year=2015,2016,2017,2018,2019,2020,2021,2022",FAO AQUASTAT
Cameroon,"Climate - Sustainable Agric,Landuse, Water & Oceans",Water use,Pressure on water resources,SDG 6.4.2. Water Stress,%,1.560430107,1.560430107,1.560430107,1.560430107,1.560430107,1.560430107,1.560430107,1.560430107,,,,"https://api.data.apps.fao.org/api/v2/bigquery?sql_url=https://data.apps.fao.org/catalog/dataset/945666e6-7803-4621-b8ef-cfd885a84596/resource/4a000a1b-24f0-4328-aab6-b9b525892090/download/query_en.sql&area=Africa&type=all&variable=4016&year=2015,2016,2017,2018,2019,2020,2021,2022",FAO AQUASTAT
Cape Verde,"Climate - Sustainable Agric,Landuse, Water & Oceans",Water use,Pressure on water resources,Agricultural water withdrawal as % of total renewable water resources,%,24.105861778,25.539728,26.973594222,28.407460444,29.841326667,37.733583333,36.42317,34.405786667,,,,"https://api.data.apps.fao.org/api/v2/bigquery?sql_url=https://data.apps.fao.org/catalog/dataset/945666e6-7803-4621-b8ef-cfd885a84596/resource/4a000a1b-24f0-4328-aab6-b9b525892090/download/query_en.sql&area=Africa&type=all&variable=4016&year=2015,2016,2017,2018,2019,2020,2021,2022",FAO AQUASTAT
Cape Verde,"Climate - Sustainable Agric,Landuse, Water & Oceans",Water use,Pressure on water resources,SDG 6.4.1. Industrial Water Use Efficiency,US$/m3,81.936034669,68.030245526,69.658395798,83.634102493,83.764217054,47.45398421,54.605583604,56.983677983,,,,"https://api.data.apps.fao.org/api/v2/bigquery?sql_url=https://data.apps.fao.org/catalog/dataset/945666e6-7803-4621-b8ef-cfd885a84596/resource/4a000a1b-24f0-4328-aab6-b9b525892090/download/query_en.sql&area=Africa&type=all&variable=4016&year=2015,2016,2017,2018,2019,2020,2021,2022",FAO AQUASTAT
Cape Verde,"Climate - Sustainable Agric,Landuse, Water & Oceans",Water use,Pressure on water resources,SDG 6.4.1. Irrigated Agriculture Water Use Efficiency,US$/m3,0.141789401,0.140337893,0.120673913,0.101962145,0.090110076,0.07062301,0.075300365,0.076431031,,,,"https://api.data.apps.fao.org/api/v2/bigquery?sql_url=https://data.apps.fao.org/catalog/dataset/945666e6-7803-4621-b8ef-cfd885a84596/resource/4a000a1b-24f0-4328-aab6-b9b525892090/download/query_en.sql&area=Africa&type=all&variable=4016&year=2015,2016,2017,2018,2019,2020,2021,2022",FAO AQUASTAT
Cape Verde,"Climate - Sustainable Agric,Landuse, Water & Oceans",Water use,Pressure on water resources,SDG 6.4.1. Services Water Use Efficiency,US$/m3,9.802752834,9.824922413,9.614187547,9.085516759,9.490728195,6.747317324,8.582054054,9.419701677,,,,"https://api.data.apps.fao.org/api/v2/bigquery?sql_url=https://data.apps.fao.org/catalog/dataset/945666e6-7803-4621-b8ef-cfd885a84596/resource/4a000a1b-24f0-4328-aab6-b9b525892090/download/query_en.sql&area=Africa&type=all&variable=4016&year=2015,2016,2017,2018,2019,2020,2021,2022",FAO AQUASTAT
Cape Verde,"Climate - Sustainable Agric,Landuse, Water & Oceans",Water use,Pressure on water resources,SDG 6.4.1. Water Use Efficiency,US$/m3,7.213206952,7.069689123,6.966429055,6.813073635,7.078049681,4.898771715,5.97728117,6.785376862,,,,"https://api.data.apps.fao.org/api/v2/bigquery?sql_url=https://data.apps.fao.org/catalog/dataset/945666e6-7803-4621-b8ef-cfd885a84596/resource/4a000a1b-24f0-4328-aab6-b9b525892090/download/query_en.sql&area=Africa&type=all&variable=4016&year=2015,2016,2017,2018,2019,2020,2021,2022",FAO AQUASTAT
Cape Verde,"Climate - Sustainable Agric,Landuse, Water & Oceans",Water use,Pressure on water resources,SDG 6.4.2. Agricultural Sector Contribution to Water Stress,%,13.501721423,14.266279814,15.031281817,15.796653756,17.341774588,26.638465335,24.315049845,23.270810944,,,,"https://api.data.apps.fao.org/api/v2/bigquery?sql_url=https://data.apps.fao.org/catalog/dataset/945666e6-7803-4621-b8ef-cfd885a84596/resource/4a000a1b-24f0-4328-aab6-b9b525892090/download/query_en.sql&area=Africa&type=all&variable=4016&year=2015,2016,2017,2018,2019,2020,2021,2022",FAO AQUASTAT
Cape Verde,"Climate - Sustainable Agric,Landuse, Water & Oceans",Water use,Pressure on water resources,SDG 6.4.2. Industrial Sector Contribution to Water Stress,%,0.469810581,0.496691972,0.523587475,0.550494747,0.604585413,1.238402753,1.258219906,1.265647054,,,,"https://api.data.apps.fao.org/api/v2/bigquery?sql_url=https://data.apps.fao.org/catalog/dataset/945666e6-7803-4621-b8ef-cfd885a84596/resource/4a000a1b-24f0-4328-aab6-b9b525892090/download/query_en.sql&area=Africa&type=all&variable=4016&year=2015,2016,2017,2018,2019,2020,2021,2022",FAO AQUASTAT
Cape Verde,"Climate - Sustainable Agric,Landuse, Water & Oceans",Water use,Pressure on water resources,SDG 6.4.2. Municipal Sector Contribution to Water Stress,%,23.313251626,24.88988677,26.466064189,28.041859905,31.011149999,41.066868579,31.604236915,35.147252001,,,,"https://api.data.apps.fao.org/api/v2/bigquery?sql_url=https://data.apps.fao.org/catalog/dataset/945666e6-7803-4621-b8ef-cfd885a84596/resource/4a000a1b-24f0-4328-aab6-b9b525892090/download/query_en.sql&area=Africa&type=all&variable=4016&year=2015,2016,2017,2018,2019,2020,2021,2022",FAO AQUASTAT
Cape Verde,"Climate - Sustainable Agric,Landuse, Water & Oceans",Water use,Pressure on water resources,SDG 6.4.2. Water Stress,%,37.28478363,39.652858556,42.020933482,44.389008407,48.95751,68.943736667,57.177506667,59.68371,,,,"https://api.data.apps.fao.org/api/v2/bigquery?sql_url=https://data.apps.fao.org/catalog/dataset/945666e6-7803-4621-b8ef-cfd885a84596/resource/4a000a1b-24f0-4328-aab6-b9b525892090/download/query_en.sql&area=Africa&type=all&variable=4016&year=2015,2016,2017,2018,2019,2020,2021,2022",FAO AQUASTAT
Central African Republic,"Climate - Sustainable Agric,Landuse, Water & Oceans",Water use,Pressure on water resources,Agricultural water withdrawal as % of total renewable water resources,%,0.000283688,0.000283688,0.000283688,0.000283688,0.000283688,0.000283688,0.000283688,0.000283688,,,,"https://api.data.apps.fao.org/api/v2/bigquery?sql_url=https://data.apps.fao.org/catalog/dataset/945666e6-7803-4621-b8ef-cfd885a84596/resource/4a000a1b-24f0-4328-aab6-b9b525892090/download/query_en.sql&area=Africa&type=all&variable=4016&year=2015,2016,2017,2018,2019,2020,2021,2022",FAO AQUASTAT
Central African Republic,"Climate - Sustainable Agric,Landuse, Water & Oceans",Water use,Pressure on water resources,SDG 6.4.1. Industrial Water Use Efficiency,US$/m3,30.251805858,31.106192341,31.158645482,32.081474144,33.694427453,33.662805891,34.008287271,34.279122007,,,,"https://api.data.apps.fao.org/api/v2/bigquery?sql_url=https://data.apps.fao.org/catalog/dataset/945666e6-7803-4621-b8ef-cfd885a84596/resource/4a000a1b-24f0-4328-aab6-b9b525892090/download/query_en.sql&area=Africa&type=all&variable=4016&year=2015,2016,2017,2018,2019,2020,2021,2022",FAO AQUASTAT
Central African Republic,"Climate - Sustainable Agric,Landuse, Water & Oceans",Water use,Pressure on water resources,SDG 6.4.1. Irrigated Agriculture Water Use Efficiency,US$/m3,0.109175903,0.115782752,0.124327783,0.122944008,0.129603148,0.130934508,0.131140246,0.132454005,,,,"https://api.data.apps.fao.org/api/v2/bigquery?sql_url=https://data.apps.fao.org/catalog/dataset/945666e6-7803-4621-b8ef-cfd885a84596/resource/4a000a1b-24f0-4328-aab6-b9b525892090/download/query_en.sql&area=Africa&type=all&variable=4016&year=2015,2016,2017,2018,2019,2020,2021,2022",FAO AQUASTAT
Central African Republic,"Climate - Sustainable Agric,Landuse, Water & Oceans",Water use,Pressure on water resources,SDG 6.4.1. Services Water Use Efficiency,US$/m3,12.387322441,12.809286051,13.438195609,13.961509422,14.349084646,14.500120728,14.64285848,14.707340124,,,,"https://api.data.apps.fao.org/api/v2/bigquery?sql_url=https://data.apps.fao.org/catalog/dataset/945666e6-7803-4621-b8ef-cfd885a84596/resource/4a000a1b-24f0-4328-aab6-b9b525892090/download/query_en.sql&area=Africa&type=all&variable=4016&year=2015,2016,2017,2018,2019,2020,2021,2022",FAO AQUASTAT
Central African Republic,"Climate - Sustainable Agric,Landuse, Water & Oceans",Water use,Pressure on water resources,SDG 6.4.1. Water Use Efficiency,US$/m3,15.276460957,15.767706384,16.297779765,16.884325291,17.472620109,17.592597245,17.768106179,17.866394305,,,,"https://api.data.apps.fao.org/api/v2/bigquery?sql_url=https://data.apps.fao.org/catalog/dataset/945666e6-7803-4621-b8ef-cfd885a84596/resource/4a000a1b-24f0-4328-aab6-b9b525892090/download/query_en.sql&area=Africa&type=all&variable=4016&year=2015,2016,2017,2018,2019,2020,2021,2022",FAO AQUASTAT
Central African Republic,"Climate - Sustainable Agric,Landuse, Water & Oceans",Water use,Pressure on water resources,SDG 6.4.2. Agricultural Sector Contribution to Water Stress,%,0.001851852,0.001851852,0.001851852,0.001851852,0.001851852,0.001851852,0.001851852,0.001851852,,,,"https://api.data.apps.fao.org/api/v2/bigquery?sql_url=https://data.apps.fao.org/catalog/dataset/945666e6-7803-4621-b8ef-cfd885a84596/resource/4a000a1b-24f0-4328-aab6-b9b525892090/download/query_en.sql&area=Africa&type=all&variable=4016&year=2015,2016,2017,2018,2019,2020,2021,2022",FAO AQUASTAT
Central African Republic,"Climate - Sustainable Agric,Landuse, Water & Oceans",Water use,Pressure on water resources,SDG 6.4.2. Industrial Sector Contribution to Water Stress,%,0.055555556,0.055555556,0.055555556,0.055555556,0.055555556,0.055555556,0.055555556,0.055555556,,,,"https://api.data.apps.fao.org/api/v2/bigquery?sql_url=https://data.apps.fao.org/catalog/dataset/945666e6-7803-4621-b8ef-cfd885a84596/resource/4a000a1b-24f0-4328-aab6-b9b525892090/download/query_en.sql&area=Africa&type=all&variable=4016&year=2015,2016,2017,2018,2019,2020,2021,2022",FAO AQUASTAT
Central African Republic,"Climate - Sustainable Agric,Landuse, Water & Oceans",Water use,Pressure on water resources,SDG 6.4.2. Municipal Sector Contribution to Water Stress,%,0.278240741,0.278240741,0.278240741,0.278240741,0.278240741,0.278240741,0.278240741,0.278240741,,,,"https://api.data.apps.fao.org/api/v2/bigquery?sql_url=https://data.apps.fao.org/catalog/dataset/945666e6-7803-4621-b8ef-cfd885a84596/resource/4a000a1b-24f0-4328-aab6-b9b525892090/download/query_en.sql&area=Africa&type=all&variable=4016&year=2015,2016,2017,2018,2019,2020,2021,2022",FAO AQUASTAT
Central African Republic,"Climate - Sustainable Agric,Landuse, Water & Oceans",Water use,Pressure on water resources,SDG 6.4.2. Water Stress,%,0.335648148,0.335648148,0.335648148,0.335648148,0.335648148,0.335648148,0.335648148,0.335648148,,,,"https://api.data.apps.fao.org/api/v2/bigquery?sql_url=https://data.apps.fao.org/catalog/dataset/945666e6-7803-4621-b8ef-cfd885a84596/resource/4a000a1b-24f0-4328-aab6-b9b525892090/download/query_en.sql&area=Africa&type=all&variable=4016&year=2015,2016,2017,2018,2019,2020,2021,2022",FAO AQUASTAT
Chad,"Climate - Sustainable Agric,Landuse, Water & Oceans",Water use,Pressure on water resources,Agricultural water withdrawal as % of total renewable water resources,%,1.470897155,1.470897155,1.470897155,1.470897155,1.470897155,1.470897155,1.470897155,1.470897155,,,,"https://api.data.apps.fao.org/api/v2/bigquery?sql_url=https://data.apps.fao.org/catalog/dataset/945666e6-7803-4621-b8ef-cfd885a84596/resource/4a000a1b-24f0-4328-aab6-b9b525892090/download/query_en.sql&area=Africa&type=all&variable=4016&year=2015,2016,2017,2018,2019,2020,2021,2022",FAO AQUASTAT
Chad,"Climate - Sustainable Agric,Landuse, Water & Oceans",Water use,Pressure on water resources,SDG 6.4.1. Industrial Water Use Efficiency,US$/m3,53.347413018,43.767398117,34.267125908,39.815914051,42.940474916,44.605105926,53.76008355,72.968256614,,,,"https://api.data.apps.fao.org/api/v2/bigquery?sql_url=https://data.apps.fao.org/catalog/dataset/945666e6-7803-4621-b8ef-cfd885a84596/resource/4a000a1b-24f0-4328-aab6-b9b525892090/download/query_en.sql&area=Africa&type=all&variable=4016&year=2015,2016,2017,2018,2019,2020,2021,2022",FAO AQUASTAT
Chad,"Climate - Sustainable Agric,Landuse, Water & Oceans",Water use,Pressure on water resources,SDG 6.4.1. Irrigated Agriculture Water Use Efficiency,US$/m3,0.056976667,0.073156247,0.077649788,0.080076881,0.072169086,0.076746611,0.071050361,0.069071351,,,,"https://api.data.apps.fao.org/api/v2/bigquery?sql_url=https://data.apps.fao.org/catalog/dataset/945666e6-7803-4621-b8ef-cfd885a84596/resource/4a000a1b-24f0-4328-aab6-b9b525892090/download/query_en.sql&area=Africa&type=all&variable=4016&year=2015,2016,2017,2018,2019,2020,2021,2022",FAO AQUASTAT
Chad,"Climate - Sustainable Agric,Landuse, Water & Oceans",Water use,Pressure on water resources,SDG 6.4.1. Services Water Use Efficiency,US$/m3,34.445578611,39.985497865,43.634992564,44.407012045,49.907427665,51.079598096,41.753577255,34.026021638,,,,"https://api.data.apps.fao.org/api/v2/bigquery?sql_url=https://data.apps.fao.org/catalog/dataset/945666e6-7803-4621-b8ef-cfd885a84596/resource/4a000a1b-24f0-4328-aab6-b9b525892090/download/query_en.sql&area=Africa&type=all&variable=4016&year=2015,2016,2017,2018,2019,2020,2021,2022",FAO AQUASTAT
Chad,"Climate - Sustainable Agric,Landuse, Water & Oceans",Water use,Pressure on water resources,SDG 6.4.1. Water Use Efficiency,US$/m3,10.393852828,9.929912395,9.243571934,9.990615184,11.001409229,11.339350704,11.314832513,12.666821756,,,,"https://api.data.apps.fao.org/api/v2/bigquery?sql_url=https://data.apps.fao.org/catalog/dataset/945666e6-7803-4621-b8ef-cfd885a84596/resource/4a000a1b-24f0-4328-aab6-b9b525892090/download/query_en.sql&area=Africa&type=all&variable=4016&year=2015,2016,2017,2018,2019,2020,2021,2022",FAO AQUASTAT
Chad,"Climate - Sustainable Agric,Landuse, Water & Oceans",Water use,Pressure on water resources,SDG 6.4.2. Agricultural Sector Contribution to Water Stress,%,3.282226563,3.282226563,3.282226563,3.282226563,3.282226563,3.282226563,3.282226563,3.282226563,,,,"https://api.data.apps.fao.org/api/v2/bigquery?sql_url=https://data.apps.fao.org/catalog/dataset/945666e6-7803-4621-b8ef-cfd885a84596/resource/4a000a1b-24f0-4328-aab6-b9b525892090/download/query_en.sql&area=Africa&type=all&variable=4016&year=2015,2016,2017,2018,2019,2020,2021,2022",FAO AQUASTAT
Chad,"Climate - Sustainable Agric,Landuse, Water & Oceans",Water use,Pressure on water resources,SDG 6.4.2. Industrial Sector Contribution to Water Stress,%,0.506347656,0.506347656,0.506347656,0.506347656,0.506347656,0.506347656,0.506347656,0.506347656,,,,"https://api.data.apps.fao.org/api/v2/bigquery?sql_url=https://data.apps.fao.org/catalog/dataset/945666e6-7803-4621-b8ef-cfd885a84596/resource/4a000a1b-24f0-4328-aab6-b9b525892090/download/query_en.sql&area=Africa&type=all&variable=4016&year=2015,2016,2017,2018,2019,2020,2021,2022",FAO AQUASTAT
Chad,"Climate - Sustainable Agric,Landuse, Water & Oceans",Water use,Pressure on water resources,SDG 6.4.2. Municipal Sector Contribution to Water Stress,%,0.506347656,0.506347656,0.506347656,0.506347656,0.506347656,0.506347656,0.506347656,0.506347656,,,,"https://api.data.apps.fao.org/api/v2/bigquery?sql_url=https://data.apps.fao.org/catalog/dataset/945666e6-7803-4621-b8ef-cfd885a84596/resource/4a000a1b-24f0-4328-aab6-b9b525892090/download/query_en.sql&area=Africa&type=all&variable=4016&year=2015,2016,2017,2018,2019,2020,2021,2022",FAO AQUASTAT
Chad,"Climate - Sustainable Agric,Landuse, Water & Oceans",Water use,Pressure on water resources,SDG 6.4.2. Water Stress,%,4.294921875,4.294921875,4.294921875,4.294921875,4.294921875,4.294921875,4.294921875,4.294921875,,,,"https://api.data.apps.fao.org/api/v2/bigquery?sql_url=https://data.apps.fao.org/catalog/dataset/945666e6-7803-4621-b8ef-cfd885a84596/resource/4a000a1b-24f0-4328-aab6-b9b525892090/download/query_en.sql&area=Africa&type=all&variable=4016&year=2015,2016,2017,2018,2019,2020,2021,2022",FAO AQUASTAT
Comoros,"Climate - Sustainable Agric,Landuse, Water & Oceans",Water use,Pressure on water resources,Agricultural water withdrawal as % of total renewable water resources,%,0.391666667,0.391666667,0.391666667,0.391666667,0.391666667,0.391666667,0.391666667,0.391666667,,,,"https://api.data.apps.fao.org/api/v2/bigquery?sql_url=https://data.apps.fao.org/catalog/dataset/945666e6-7803-4621-b8ef-cfd885a84596/resource/4a000a1b-24f0-4328-aab6-b9b525892090/download/query_en.sql&area=Africa&type=all&variable=4016&year=2015,2016,2017,2018,2019,2020,2021,2022",FAO AQUASTAT
Comoros,"Climate - Sustainable Agric,Landuse, Water & Oceans",Water use,Pressure on water resources,SDG 6.4.1. Industrial Water Use Efficiency,US$/m3,195.89377112,190.062611773,184.613527399,186.776406953,185.509388633,185.587359957,216.704056915,217.306132805,,,,"https://api.data.apps.fao.org/api/v2/bigquery?sql_url=https://data.apps.fao.org/catalog/dataset/945666e6-7803-4621-b8ef-cfd885a84596/resource/4a000a1b-24f0-4328-aab6-b9b525892090/download/query_en.sql&area=Africa&type=all&variable=4016&year=2015,2016,2017,2018,2019,2020,2021,2022",FAO AQUASTAT
Comoros,"Climate - Sustainable Agric,Landuse, Water & Oceans",Water use,Pressure on water resources,SDG 6.4.1. Irrigated Agriculture Water Use Efficiency,US$/m3,0.081104098,0.085456241,0.091764393,0.099128258,0.110498479,0.115606119,0.117777917,0.123521982,,,,"https://api.data.apps.fao.org/api/v2/bigquery?sql_url=https://data.apps.fao.org/catalog/dataset/945666e6-7803-4621-b8ef-cfd885a84596/resource/4a000a1b-24f0-4328-aab6-b9b525892090/download/query_en.sql&area=Africa&type=all&variable=4016&year=2015,2016,2017,2018,2019,2020,2021,2022",FAO AQUASTAT
Comoros,"Climate - Sustainable Agric,Landuse, Water & Oceans",Water use,Pressure on water resources,SDG 6.4.1. Services Water Use Efficiency,US$/m3,112.057503417,113.563417376,120.315457244,121.549675208,124.161694489,129.793383483,130.39774599,130.11431451,,,,"https://api.data.apps.fao.org/api/v2/bigquery?sql_url=https://data.apps.fao.org/catalog/dataset/945666e6-7803-4621-b8ef-cfd885a84596/resource/4a000a1b-24f0-4328-aab6-b9b525892090/download/query_en.sql&area=Africa&type=all&variable=4016&year=2015,2016,2017,2018,2019,2020,2021,2022",FAO AQUASTAT
Comoros,"Climate - Sustainable Agric,Landuse, Water & Oceans",Water use,Pressure on water resources,SDG 6.4.1. Water Use Efficiency,US$/m3,63.620409122,64.053735362,67.025225112,67.729254729,68.925017071,71.634526946,73.481476542,73.378232936,,,,"https://api.data.apps.fao.org/api/v2/bigquery?sql_url=https://data.apps.fao.org/catalog/dataset/945666e6-7803-4621-b8ef-cfd885a84596/resource/4a000a1b-24f0-4328-aab6-b9b525892090/download/query_en.sql&area=Africa&type=all&variable=4016&year=2015,2016,2017,2018,2019,2020,2021,2022",FAO AQUASTAT
Comoros,"Climate - Sustainable Agric,Landuse, Water & Oceans",Water use,Pressure on water resources,SDG 6.4.2. Agricultural Sector Contribution to Water Stress,%,0.391666667,0.391666667,0.391666667,0.391666667,0.391666667,0.391666667,0.391666667,0.391666667,,,,"https://api.data.apps.fao.org/api/v2/bigquery?sql_url=https://data.apps.fao.org/catalog/dataset/945666e6-7803-4621-b8ef-cfd885a84596/resource/4a000a1b-24f0-4328-aab6-b9b525892090/download/query_en.sql&area=Africa&type=all&variable=4016&year=2015,2016,2017,2018,2019,2020,2021,2022",FAO AQUASTAT
Comoros,"Climate - Sustainable Agric,Landuse, Water & Oceans",Water use,Pressure on water resources,SDG 6.4.2. Industrial Sector Contribution to Water Stress,%,0.041666667,0.041666667,0.041666667,0.041666667,0.041666667,0.041666667,0.041666667,0.041666667,,,,"https://api.data.apps.fao.org/api/v2/bigquery?sql_url=https://data.apps.fao.org/catalog/dataset/945666e6-7803-4621-b8ef-cfd885a84596/resource/4a000a1b-24f0-4328-aab6-b9b525892090/download/query_en.sql&area=Africa&type=all&variable=4016&year=2015,2016,2017,2018,2019,2020,2021,2022",FAO AQUASTAT
Comoros,"Climate - Sustainable Agric,Landuse, Water & Oceans",Water use,Pressure on water resources,SDG 6.4.2. Municipal Sector Contribution to Water Stress,%,0.4,0.4,0.4,0.4,0.4,0.4,0.4,0.4,,,,"https://api.data.apps.fao.org/api/v2/bigquery?sql_url=https://data.apps.fao.org/catalog/dataset/945666e6-7803-4621-b8ef-cfd885a84596/resource/4a000a1b-24f0-4328-aab6-b9b525892090/download/query_en.sql&area=Africa&type=all&variable=4016&year=2015,2016,2017,2018,2019,2020,2021,2022",FAO AQUASTAT
Comoros,"Climate - Sustainable Agric,Landuse, Water & Oceans",Water use,Pressure on water resources,SDG 6.4.2. Water Stress,%,0.833333333,0.833333333,0.833333333,0.833333333,0.833333333,0.833333333,0.833333333,0.833333333,,,,"https://api.data.apps.fao.org/api/v2/bigquery?sql_url=https://data.apps.fao.org/catalog/dataset/945666e6-7803-4621-b8ef-cfd885a84596/resource/4a000a1b-24f0-4328-aab6-b9b525892090/download/query_en.sql&area=Africa&type=all&variable=4016&year=2015,2016,2017,2018,2019,2020,2021,2022",FAO AQUASTAT
Congo Democratic Republic,"Climate - Sustainable Agric,Landuse, Water & Oceans",Water use,Pressure on water resources,Agricultural water withdrawal as % of total renewable water resources,%,0.005604053,0.005604053,0.005604053,0.005604053,0.005604053,0.005604053,0.005604053,0.005604053,,,,"https://api.data.apps.fao.org/api/v2/bigquery?sql_url=https://data.apps.fao.org/catalog/dataset/945666e6-7803-4621-b8ef-cfd885a84596/resource/4a000a1b-24f0-4328-aab6-b9b525892090/download/query_en.sql&area=Africa&type=all&variable=4016&year=2015,2016,2017,2018,2019,2020,2021,2022",FAO AQUASTAT
Congo Democratic Republic,"Climate - Sustainable Agric,Landuse, Water & Oceans",Water use,Pressure on water resources,SDG 6.4.1. Industrial Water Use Efficiency,US$/m3,99.160189986,99.430620162,104.254888525,112.025704655,107.662879403,106.199279603,127.992882056,149.039222335,,,,"https://api.data.apps.fao.org/api/v2/bigquery?sql_url=https://data.apps.fao.org/catalog/dataset/945666e6-7803-4621-b8ef-cfd885a84596/resource/4a000a1b-24f0-4328-aab6-b9b525892090/download/query_en.sql&area=Africa&type=all&variable=4016&year=2015,2016,2017,2018,2019,2020,2021,2022",FAO AQUASTAT
Congo Democratic Republic,"Climate - Sustainable Agric,Landuse, Water & Oceans",Water use,Pressure on water resources,SDG 6.4.1. Irrigated Agriculture Water Use Efficiency,US$/m3,0.309509992,0.332431274,0.355903922,0.362653645,0.394662345,0.423971953,0.423763254,0.405196774,,,,"https://api.data.apps.fao.org/api/v2/bigquery?sql_url=https://data.apps.fao.org/catalog/dataset/945666e6-7803-4621-b8ef-cfd885a84596/resource/4a000a1b-24f0-4328-aab6-b9b525892090/download/query_en.sql&area=Africa&type=all&variable=4016&year=2015,2016,2017,2018,2019,2020,2021,2022",FAO AQUASTAT
Congo Democratic Republic,"Climate - Sustainable Agric,Landuse, Water & Oceans",Water use,Pressure on water resources,SDG 6.4.1. Services Water Use Efficiency,US$/m3,29.704029981,30.516888667,32.649421951,34.954318832,38.829442079,41.137365074,39.78447205,42.814031807,,,,"https://api.data.apps.fao.org/api/v2/bigquery?sql_url=https://data.apps.fao.org/catalog/dataset/945666e6-7803-4621-b8ef-cfd885a84596/resource/4a000a1b-24f0-4328-aab6-b9b525892090/download/query_en.sql&area=Africa&type=all&variable=4016&year=2015,2016,2017,2018,2019,2020,2021,2022",FAO AQUASTAT
Congo Democratic Republic,"Climate - Sustainable Agric,Landuse, Water & Oceans",Water use,Pressure on water resources,SDG 6.4.1. Water Use Efficiency,US$/m3,41.527754822,42.14104504,44.629788462,47.86675112,49.568599388,50.826943903,54.586929081,61.164913508,,,,"https://api.data.apps.fao.org/api/v2/bigquery?sql_url=https://data.apps.fao.org/catalog/dataset/945666e6-7803-4621-b8ef-cfd885a84596/resource/4a000a1b-24f0-4328-aab6-b9b525892090/download/query_en.sql&area=Africa&type=all&variable=4016&year=2015,2016,2017,2018,2019,2020,2021,2022",FAO AQUASTAT
Congo Democratic Republic,"Climate - Sustainable Agric,Landuse, Water & Oceans",Water use,Pressure on water resources,SDG 6.4.2. Agricultural Sector Contribution to Water Stress,%,0.023863259,0.023863259,0.023863259,0.023863259,0.023863259,0.023863259,0.023863259,0.023863259,,,,"https://api.data.apps.fao.org/api/v2/bigquery?sql_url=https://data.apps.fao.org/catalog/dataset/945666e6-7803-4621-b8ef-cfd885a84596/resource/4a000a1b-24f0-4328-aab6-b9b525892090/download/query_en.sql&area=Africa&type=all&variable=4016&year=2015,2016,2017,2018,2019,2020,2021,2022",FAO AQUASTAT
Congo Democratic Republic,"Climate - Sustainable Agric,Landuse, Water & Oceans",Water use,Pressure on water resources,SDG 6.4.2. Industrial Sector Contribution to Water Stress,%,0.048722204,0.048722204,0.048722204,0.048722204,0.048722204,0.048722204,0.048722204,0.048722204,,,,"https://api.data.apps.fao.org/api/v2/bigquery?sql_url=https://data.apps.fao.org/catalog/dataset/945666e6-7803-4621-b8ef-cfd885a84596/resource/4a000a1b-24f0-4328-aab6-b9b525892090/download/query_en.sql&area=Africa&type=all&variable=4016&year=2015,2016,2017,2018,2019,2020,2021,2022",FAO AQUASTAT
Congo Democratic Republic,"Climate - Sustainable Agric,Landuse, Water & Oceans",Water use,Pressure on water resources,SDG 6.4.2. Municipal Sector Contribution to Water Stress,%,0.154298042,0.154298042,0.154298042,0.154298042,0.154298042,0.154298042,0.154298042,0.154298042,,,,"https://api.data.apps.fao.org/api/v2/bigquery?sql_url=https://data.apps.fao.org/catalog/dataset/945666e6-7803-4621-b8ef-cfd885a84596/resource/4a000a1b-24f0-4328-aab6-b9b525892090/download/query_en.sql&area=Africa&type=all&variable=4016&year=2015,2016,2017,2018,2019,2020,2021,2022",FAO AQUASTAT
Congo Democratic Republic,"Climate - Sustainable Agric,Landuse, Water & Oceans",Water use,Pressure on water resources,SDG 6.4.2. Water Stress,%,0.226883505,0.226883505,0.226883505,0.226883505,0.226883505,0.226883505,0.226883505,0.226883505,,,,"https://api.data.apps.fao.org/api/v2/bigquery?sql_url=https://data.apps.fao.org/catalog/dataset/945666e6-7803-4621-b8ef-cfd885a84596/resource/4a000a1b-24f0-4328-aab6-b9b525892090/download/query_en.sql&area=Africa&type=all&variable=4016&year=2015,2016,2017,2018,2019,2020,2021,2022",FAO AQUASTAT
Congo Republic,"Climate - Sustainable Agric,Landuse, Water & Oceans",Water use,Pressure on water resources,Agricultural water withdrawal as % of total renewable water resources,%,0.000480769,0.000480769,0.000480769,0.000480769,0.000480769,0.000480769,0.000480769,0.000480769,,,,"https://api.data.apps.fao.org/api/v2/bigquery?sql_url=https://data.apps.fao.org/catalog/dataset/945666e6-7803-4621-b8ef-cfd885a84596/resource/4a000a1b-24f0-4328-aab6-b9b525892090/download/query_en.sql&area=Africa&type=all&variable=4016&year=2015,2016,2017,2018,2019,2020,2021,2022",FAO AQUASTAT
Congo Republic,"Climate - Sustainable Agric,Landuse, Water & Oceans",Water use,Pressure on water resources,SDG 6.4.1. Industrial Water Use Efficiency,US$/m3,246.261623792,176.472669746,199.858154398,233.055507378,217.783106341,137.106227496,188.129026087,154.787572589,,,,"https://api.data.apps.fao.org/api/v2/bigquery?sql_url=https://data.apps.fao.org/catalog/dataset/945666e6-7803-4621-b8ef-cfd885a84596/resource/4a000a1b-24f0-4328-aab6-b9b525892090/download/query_en.sql&area=Africa&type=all&variable=4016&year=2015,2016,2017,2018,2019,2020,2021,2022",FAO AQUASTAT
Congo Republic,"Climate - Sustainable Agric,Landuse, Water & Oceans",Water use,Pressure on water resources,SDG 6.4.1. Irrigated Agriculture Water Use Efficiency,US$/m3,0.215464945,0.229023159,0.233672635,0.212000209,0.232025002,0.316453308,0.246046825,0.228202888,,,,"https://api.data.apps.fao.org/api/v2/bigquery?sql_url=https://data.apps.fao.org/catalog/dataset/945666e6-7803-4621-b8ef-cfd885a84596/resource/4a000a1b-24f0-4328-aab6-b9b525892090/download/query_en.sql&area=Africa&type=all&variable=4016&year=2015,2016,2017,2018,2019,2020,2021,2022",FAO AQUASTAT
Congo Republic,"Climate - Sustainable Agric,Landuse, Water & Oceans",Water use,Pressure on water resources,SDG 6.4.1. Services Water Use Efficiency,US$/m3,81.317963846,89.577095783,75.574365501,61.747761724,70.631686716,84.134826518,69.987260308,64.459859893,,,,"https://api.data.apps.fao.org/api/v2/bigquery?sql_url=https://data.apps.fao.org/catalog/dataset/945666e6-7803-4621-b8ef-cfd885a84596/resource/4a000a1b-24f0-4328-aab6-b9b525892090/download/query_en.sql&area=Africa&type=all&variable=4016&year=2015,2016,2017,2018,2019,2020,2021,2022",FAO AQUASTAT
Congo Republic,"Climate - Sustainable Agric,Landuse, Water & Oceans",Water use,Pressure on water resources,SDG 6.4.1. Water Use Efficiency,US$/m3,120.949783291,108.422259192,104.815893986,103.898719735,106.0737306,94.342461531,97.865532116,85.29888363,,,,"https://api.data.apps.fao.org/api/v2/bigquery?sql_url=https://data.apps.fao.org/catalog/dataset/945666e6-7803-4621-b8ef-cfd885a84596/resource/4a000a1b-24f0-4328-aab6-b9b525892090/download/query_en.sql&area=Africa&type=all&variable=4016&year=2015,2016,2017,2018,2019,2020,2021,2022",FAO AQUASTAT
Congo Republic,"Climate - Sustainable Agric,Landuse, Water & Oceans",Water use,Pressure on water resources,SDG 6.4.2. Agricultural Sector Contribution to Water Stress,%,0.001197221,0.001197221,0.001197221,0.001197221,0.001197221,0.001197221,0.001197221,0.001197221,,,,"https://api.data.apps.fao.org/api/v2/bigquery?sql_url=https://data.apps.fao.org/catalog/dataset/945666e6-7803-4621-b8ef-cfd885a84596/resource/4a000a1b-24f0-4328-aab6-b9b525892090/download/query_en.sql&area=Africa&type=all&variable=4016&year=2015,2016,2017,2018,2019,2020,2021,2022",FAO AQUASTAT
Congo Republic,"Climate - Sustainable Agric,Landuse, Water & Oceans",Water use,Pressure on water resources,SDG 6.4.2. Industrial Sector Contribution to Water Stress,%,0.007183328,0.007183328,0.007183328,0.007183328,0.007183328,0.007183328,0.007183328,0.007183328,,,,"https://api.data.apps.fao.org/api/v2/bigquery?sql_url=https://data.apps.fao.org/catalog/dataset/945666e6-7803-4621-b8ef-cfd885a84596/resource/4a000a1b-24f0-4328-aab6-b9b525892090/download/query_en.sql&area=Africa&type=all&variable=4016&year=2015,2016,2017,2018,2019,2020,2021,2022",FAO AQUASTAT
Congo Republic,"Climate - Sustainable Agric,Landuse, Water & Oceans",Water use,Pressure on water resources,SDG 6.4.2. Municipal Sector Contribution to Water Stress,%,0.019093079,0.019093079,0.019093079,0.019093079,0.019093079,0.019093079,0.019093079,0.019093079,,,,"https://api.data.apps.fao.org/api/v2/bigquery?sql_url=https://data.apps.fao.org/catalog/dataset/945666e6-7803-4621-b8ef-cfd885a84596/resource/4a000a1b-24f0-4328-aab6-b9b525892090/download/query_en.sql&area=Africa&type=all&variable=4016&year=2015,2016,2017,2018,2019,2020,2021,2022",FAO AQUASTAT
Congo Republic,"Climate - Sustainable Agric,Landuse, Water & Oceans",Water use,Pressure on water resources,SDG 6.4.2. Water Stress,%,0.027446301,0.027446301,0.027446301,0.027446301,0.027446301,0.027446301,0.027446301,0.027446301,,,,"https://api.data.apps.fao.org/api/v2/bigquery?sql_url=https://data.apps.fao.org/catalog/dataset/945666e6-7803-4621-b8ef-cfd885a84596/resource/4a000a1b-24f0-4328-aab6-b9b525892090/download/query_en.sql&area=Africa&type=all&variable=4016&year=2015,2016,2017,2018,2019,2020,2021,2022",FAO AQUASTAT
Cote d'Ivoire,"Climate - Sustainable Agric,Landuse, Water & Oceans",Water use,Pressure on water resources,Agricultural water withdrawal as % of total renewable water resources,%,0.713097219,0.713097219,0.713097219,0.713097219,0.713097219,0.713097219,0.713097219,0.713097219,,,,"https://api.data.apps.fao.org/api/v2/bigquery?sql_url=https://data.apps.fao.org/catalog/dataset/945666e6-7803-4621-b8ef-cfd885a84596/resource/4a000a1b-24f0-4328-aab6-b9b525892090/download/query_en.sql&area=Africa&type=all&variable=4016&year=2015,2016,2017,2018,2019,2020,2021,2022",FAO AQUASTAT
Cote d'Ivoire,"Climate - Sustainable Agric,Landuse, Water & Oceans",Water use,Pressure on water resources,SDG 6.4.1. Industrial Water Use Efficiency,US$/m3,36.394350583,39.966162727,41.236775221,40.561297591,49.684799594,48.525615599,51.761168236,58.17080778,,,,"https://api.data.apps.fao.org/api/v2/bigquery?sql_url=https://data.apps.fao.org/catalog/dataset/945666e6-7803-4621-b8ef-cfd885a84596/resource/4a000a1b-24f0-4328-aab6-b9b525892090/download/query_en.sql&area=Africa&type=all&variable=4016&year=2015,2016,2017,2018,2019,2020,2021,2022",FAO AQUASTAT
Cote d'Ivoire,"Climate - Sustainable Agric,Landuse, Water & Oceans",Water use,Pressure on water resources,SDG 6.4.1. Irrigated Agriculture Water Use Efficiency,US$/m3,0.177823916,0.180956846,0.188857313,0.208633436,0.211834004,0.237809222,0.232765832,0.237772369,,,,"https://api.data.apps.fao.org/api/v2/bigquery?sql_url=https://data.apps.fao.org/catalog/dataset/945666e6-7803-4621-b8ef-cfd885a84596/resource/4a000a1b-24f0-4328-aab6-b9b525892090/download/query_en.sql&area=Africa&type=all&variable=4016&year=2015,2016,2017,2018,2019,2020,2021,2022",FAO AQUASTAT
Cote d'Ivoire,"Climate - Sustainable Agric,Landuse, Water & Oceans",Water use,Pressure on water resources,SDG 6.4.1. Services Water Use Efficiency,US$/m3,78.703437897,85.248337486,93.253478394,98.349557717,100.857977699,101.281994325,110.752625057,117.752676204,,,,"https://api.data.apps.fao.org/api/v2/bigquery?sql_url=https://data.apps.fao.org/catalog/dataset/945666e6-7803-4621-b8ef-cfd885a84596/resource/4a000a1b-24f0-4328-aab6-b9b525892090/download/query_en.sql&area=Africa&type=all&variable=4016&year=2015,2016,2017,2018,2019,2020,2021,2022",FAO AQUASTAT
Cote d'Ivoire,"Climate - Sustainable Agric,Landuse, Water & Oceans",Water use,Pressure on water resources,SDG 6.4.1. Water Use Efficiency,US$/m3,29.345290291,31.893161345,34.366374421,35.639305119,38.231819938,38.120587515,41.399915861,44.665107822,,,,"https://api.data.apps.fao.org/api/v2/bigquery?sql_url=https://data.apps.fao.org/catalog/dataset/945666e6-7803-4621-b8ef-cfd885a84596/resource/4a000a1b-24f0-4328-aab6-b9b525892090/download/query_en.sql&area=Africa&type=all&variable=4016&year=2015,2016,2017,2018,2019,2020,2021,2022",FAO AQUASTAT
Cote d'Ivoire,"Climate - Sustainable Agric,Landuse, Water & Oceans",Water use,Pressure on water resources,SDG 6.4.2. Agricultural Sector Contribution to Water Stress,%,2.626970228,2.626970228,2.626970228,2.626970228,2.626970228,2.626970228,2.626970228,2.626970228,,,,"https://api.data.apps.fao.org/api/v2/bigquery?sql_url=https://data.apps.fao.org/catalog/dataset/945666e6-7803-4621-b8ef-cfd885a84596/resource/4a000a1b-24f0-4328-aab6-b9b525892090/download/query_en.sql&area=Africa&type=all&variable=4016&year=2015,2016,2017,2018,2019,2020,2021,2022",FAO AQUASTAT
Cote d'Ivoire,"Climate - Sustainable Agric,Landuse, Water & Oceans",Water use,Pressure on water resources,SDG 6.4.2. Industrial Sector Contribution to Water Stress,%,1.059544658,1.059544658,1.059544658,1.059544658,1.059544658,1.059544658,1.059544658,1.059544658,,,,"https://api.data.apps.fao.org/api/v2/bigquery?sql_url=https://data.apps.fao.org/catalog/dataset/945666e6-7803-4621-b8ef-cfd885a84596/resource/4a000a1b-24f0-4328-aab6-b9b525892090/download/query_en.sql&area=Africa&type=all&variable=4016&year=2015,2016,2017,2018,2019,2020,2021,2022",FAO AQUASTAT
Cote d'Ivoire,"Climate - Sustainable Agric,Landuse, Water & Oceans",Water use,Pressure on water resources,SDG 6.4.2. Municipal Sector Contribution to Water Stress,%,1.401050788,1.401050788,1.401050788,1.401050788,1.401050788,1.401050788,1.401050788,1.401050788,,,,"https://api.data.apps.fao.org/api/v2/bigquery?sql_url=https://data.apps.fao.org/catalog/dataset/945666e6-7803-4621-b8ef-cfd885a84596/resource/4a000a1b-24f0-4328-aab6-b9b525892090/download/query_en.sql&area=Africa&type=all&variable=4016&year=2015,2016,2017,2018,2019,2020,2021,2022",FAO AQUASTAT
Cote d'Ivoire,"Climate - Sustainable Agric,Landuse, Water & Oceans",Water use,Pressure on water resources,SDG 6.4.2. Water Stress,%,5.087565674,5.087565674,5.087565674,5.087565674,5.087565674,5.087565674,5.087565674,5.087565674,,,,"https://api.data.apps.fao.org/api/v2/bigquery?sql_url=https://data.apps.fao.org/catalog/dataset/945666e6-7803-4621-b8ef-cfd885a84596/resource/4a000a1b-24f0-4328-aab6-b9b525892090/download/query_en.sql&area=Africa&type=all&variable=4016&year=2015,2016,2017,2018,2019,2020,2021,2022",FAO AQUASTAT
Djibouti,"Climate - Sustainable Agric,Landuse, Water & Oceans",Water use,Pressure on water resources,Agricultural water withdrawal as % of total renewable water resources,%,1.0,1.0,1.0,1.0,1.0,1.0,1.0,1.0,,,,"https://api.data.apps.fao.org/api/v2/bigquery?sql_url=https://data.apps.fao.org/catalog/dataset/945666e6-7803-4621-b8ef-cfd885a84596/resource/4a000a1b-24f0-4328-aab6-b9b525892090/download/query_en.sql&area=Africa&type=all&variable=4016&year=2015,2016,2017,2018,2019,2020,2021,2022",FAO AQUASTAT
Djibouti,"Climate - Sustainable Agric,Landuse, Water & Oceans",Water use,Pressure on water resources,SDG 6.4.1. Irrigated Agriculture Water Use Efficiency,US$/m3,9.47144947,11.148942365,13.08500827,12.178721379,12.938413967,13.18945521,12.696655179,14.370954905,,,,"https://api.data.apps.fao.org/api/v2/bigquery?sql_url=https://data.apps.fao.org/catalog/dataset/945666e6-7803-4621-b8ef-cfd885a84596/resource/4a000a1b-24f0-4328-aab6-b9b525892090/download/query_en.sql&area=Africa&type=all&variable=4016&year=2015,2016,2017,2018,2019,2020,2021,2022",FAO AQUASTAT
Djibouti,"Climate - Sustainable Agric,Landuse, Water & Oceans",Water use,Pressure on water resources,SDG 6.4.1. Services Water Use Efficiency,US$/m3,129.369077375,137.974525844,144.669509401,153.362797492,161.725168618,163.30773279,158.59191518,174.921945834,,,,"https://api.data.apps.fao.org/api/v2/bigquery?sql_url=https://data.apps.fao.org/catalog/dataset/945666e6-7803-4621-b8ef-cfd885a84596/resource/4a000a1b-24f0-4328-aab6-b9b525892090/download/query_en.sql&area=Africa&type=all&variable=4016&year=2015,2016,2017,2018,2019,2020,2021,2022",FAO AQUASTAT
Djibouti,"Climate - Sustainable Agric,Landuse, Water & Oceans",Water use,Pressure on water resources,SDG 6.4.2. Agricultural Sector Contribution to Water Stress,%,1.0,1.0,1.0,1.0,1.0,1.0,1.0,1.0,,,,"https://api.data.apps.fao.org/api/v2/bigquery?sql_url=https://data.apps.fao.org/catalog/dataset/945666e6-7803-4621-b8ef-cfd885a84596/resource/4a000a1b-24f0-4328-aab6-b9b525892090/download/query_en.sql&area=Africa&type=all&variable=4016&year=2015,2016,2017,2018,2019,2020,2021,2022",FAO AQUASTAT
Djibouti,"Climate - Sustainable Agric,Landuse, Water & Oceans",Water use,Pressure on water resources,SDG 6.4.2. Industrial Sector Contribution to Water Stress,%,0.0,0.0,0.0,0.0,0.0,0.0,0.0,0.0,,,,"https://api.data.apps.fao.org/api/v2/bigquery?sql_url=https://data.apps.fao.org/catalog/dataset/945666e6-7803-4621-b8ef-cfd885a84596/resource/4a000a1b-24f0-4328-aab6-b9b525892090/download/query_en.sql&area=Africa&type=all&variable=4016&year=2015,2016,2017,2018,2019,2020,2021,2022",FAO AQUASTAT
Djibouti,"Climate - Sustainable Agric,Landuse, Water & Oceans",Water use,Pressure on water resources,SDG 6.4.2. Municipal Sector Contribution to Water Stress,%,5.333333333,5.333333333,5.333333333,5.333333333,5.333333333,5.333333333,5.333333333,5.333333333,,,,"https://api.data.apps.fao.org/api/v2/bigquery?sql_url=https://data.apps.fao.org/catalog/dataset/945666e6-7803-4621-b8ef-cfd885a84596/resource/4a000a1b-24f0-4328-aab6-b9b525892090/download/query_en.sql&area=Africa&type=all&variable=4016&year=2015,2016,2017,2018,2019,2020,2021,2022",FAO AQUASTAT
Djibouti,"Climate - Sustainable Agric,Landuse, Water & Oceans",Water use,Pressure on water resources,SDG 6.4.2. Water Stress,%,6.333333333,6.333333333,6.333333333,6.333333333,6.333333333,6.333333333,6.333333333,6.333333333,,,,"https://api.data.apps.fao.org/api/v2/bigquery?sql_url=https://data.apps.fao.org/catalog/dataset/945666e6-7803-4621-b8ef-cfd885a84596/resource/4a000a1b-24f0-4328-aab6-b9b525892090/download/query_en.sql&area=Africa&type=all&variable=4016&year=2015,2016,2017,2018,2019,2020,2021,2022",FAO AQUASTAT
Egypt,"Climate - Sustainable Agric,Landuse, Water & Oceans",Water use,Pressure on water resources,Agricultural water withdrawal as % of total renewable water resources,%,108.434782609,108.086956522,106.695652174,106.695652174,106.695652174,106.695652174,106.695652174,106.695652174,,,,"https://api.data.apps.fao.org/api/v2/bigquery?sql_url=https://data.apps.fao.org/catalog/dataset/945666e6-7803-4621-b8ef-cfd885a84596/resource/4a000a1b-24f0-4328-aab6-b9b525892090/download/query_en.sql&area=Africa&type=all&variable=4016&year=2015,2016,2017,2018,2019,2020,2021,2022",FAO AQUASTAT
Egypt,"Climate - Sustainable Agric,Landuse, Water & Oceans",Water use,Pressure on water resources,SDG 6.4.1. Industrial Water Use Efficiency,US$/m3,90.833333333,83.272855818,20.141648355,22.054991594,23.751975835,22.003454423,23.144279689,26.086816653,,,,"https://api.data.apps.fao.org/api/v2/bigquery?sql_url=https://data.apps.fao.org/catalog/dataset/945666e6-7803-4621-b8ef-cfd885a84596/resource/4a000a1b-24f0-4328-aab6-b9b525892090/download/query_en.sql&area=Africa&type=all&variable=4016&year=2015,2016,2017,2018,2019,2020,2021,2022",FAO AQUASTAT
Egypt,"Climate - Sustainable Agric,Landuse, Water & Oceans",Water use,Pressure on water resources,SDG 6.4.1. Irrigated Agriculture Water Use Efficiency,US$/m3,0.580668387,0.627861048,0.64665598,0.665586457,0.691560208,0.749866853,0.806754133,0.822971856,,,,"https://api.data.apps.fao.org/api/v2/bigquery?sql_url=https://data.apps.fao.org/catalog/dataset/945666e6-7803-4621-b8ef-cfd885a84596/resource/4a000a1b-24f0-4328-aab6-b9b525892090/download/query_en.sql&area=Africa&type=all&variable=4016&year=2015,2016,2017,2018,2019,2020,2021,2022",FAO AQUASTAT
Egypt,"Climate - Sustainable Agric,Landuse, Water & Oceans",Water use,Pressure on water resources,SDG 6.4.1. Services Water Use Efficiency,US$/m3,17.004830918,18.166415412,17.783839484,18.156061339,18.797307422,19.915131596,22.023167105,23.063172601,,,,"https://api.data.apps.fao.org/api/v2/bigquery?sql_url=https://data.apps.fao.org/catalog/dataset/945666e6-7803-4621-b8ef-cfd885a84596/resource/4a000a1b-24f0-4328-aab6-b9b525892090/download/query_en.sql&area=Africa&type=all&variable=4016&year=2015,2016,2017,2018,2019,2020,2021,2022",FAO AQUASTAT
Egypt,"Climate - Sustainable Agric,Landuse, Water & Oceans",Water use,Pressure on water resources,SDG 6.4.1. Water Use Efficiency,US$/m3,4.34647732,4.445826595,4.382109935,4.582043137,4.809792814,4.889169677,5.306097068,5.668222435,,,,"https://api.data.apps.fao.org/api/v2/bigquery?sql_url=https://data.apps.fao.org/catalog/dataset/945666e6-7803-4621-b8ef-cfd885a84596/resource/4a000a1b-24f0-4328-aab6-b9b525892090/download/query_en.sql&area=Africa&type=all&variable=4016&year=2015,2016,2017,2018,2019,2020,2021,2022",FAO AQUASTAT
Egypt,"Climate - Sustainable Agric,Landuse, Water & Oceans",Water use,Pressure on water resources,SDG 6.4.2. Agricultural Sector Contribution to Water Stress,%,93.591620636,93.0974036,111.74863388,111.74863388,111.74863388,111.74863388,111.74863388,111.74863388,,,,"https://api.data.apps.fao.org/api/v2/bigquery?sql_url=https://data.apps.fao.org/catalog/dataset/945666e6-7803-4621-b8ef-cfd885a84596/resource/4a000a1b-24f0-4328-aab6-b9b525892090/download/query_en.sql&area=Africa&type=all&variable=4016&year=2015,2016,2017,2018,2019,2020,2021,2022",FAO AQUASTAT
Egypt,"Climate - Sustainable Agric,Landuse, Water & Oceans",Water use,Pressure on water resources,SDG 6.4.2. Industrial Sector Contribution to Water Stress,%,1.801282194,1.797536353,9.836065574,9.836065574,9.836065574,9.836065574,9.836065574,9.836065574,,,,"https://api.data.apps.fao.org/api/v2/bigquery?sql_url=https://data.apps.fao.org/catalog/dataset/945666e6-7803-4621-b8ef-cfd885a84596/resource/4a000a1b-24f0-4328-aab6-b9b525892090/download/query_en.sql&area=Africa&type=all&variable=4016&year=2015,2016,2017,2018,2019,2020,2021,2022",FAO AQUASTAT
Egypt,"Climate - Sustainable Agric,Landuse, Water & Oceans",Water use,Pressure on water resources,SDG 6.4.2. Municipal Sector Contribution to Water Stress,%,15.536058919,15.57864839,19.581056466,19.581056466,19.581056466,19.581056466,19.581056466,19.581056466,,,,"https://api.data.apps.fao.org/api/v2/bigquery?sql_url=https://data.apps.fao.org/catalog/dataset/945666e6-7803-4621-b8ef-cfd885a84596/resource/4a000a1b-24f0-4328-aab6-b9b525892090/download/query_en.sql&area=Africa&type=all&variable=4016&year=2015,2016,2017,2018,2019,2020,2021,2022",FAO AQUASTAT
Egypt,"Climate - Sustainable Agric,Landuse, Water & Oceans",Water use,Pressure on water resources,SDG 6.4.2. Water Stress,%,110.928961749,110.473588342,141.16575592,141.16575592,141.16575592,141.16575592,141.16575592,141.16575592,,,,"https://api.data.apps.fao.org/api/v2/bigquery?sql_url=https://data.apps.fao.org/catalog/dataset/945666e6-7803-4621-b8ef-cfd885a84596/resource/4a000a1b-24f0-4328-aab6-b9b525892090/download/query_en.sql&area=Africa&type=all&variable=4016&year=2015,2016,2017,2018,2019,2020,2021,2022",FAO AQUASTAT
Equatorial Guinea,"Climate - Sustainable Agric,Landuse, Water & Oceans",Water use,Pressure on water resources,Agricultural water withdrawal as % of total renewable water resources,%,0.003846154,0.003846154,0.003846154,0.003846154,0.003846154,0.003846154,0.003846154,0.003846154,,,,"https://api.data.apps.fao.org/api/v2/bigquery?sql_url=https://data.apps.fao.org/catalog/dataset/945666e6-7803-4621-b8ef-cfd885a84596/resource/4a000a1b-24f0-4328-aab6-b9b525892090/download/query_en.sql&area=Africa&type=all&variable=4016&year=2015,2016,2017,2018,2019,2020,2021,2022",FAO AQUASTAT
Equatorial Guinea,"Climate - Sustainable Agric,Landuse, Water & Oceans",Water use,Pressure on water resources,SDG 6.4.1. Industrial Water Use Efficiency,US$/m3,2563.525217333,2061.91245419,2117.57851263,2002.182566279,1712.304346736,1424.45780353,1600.641333029,1697.746751153,,,,"https://api.data.apps.fao.org/api/v2/bigquery?sql_url=https://data.apps.fao.org/catalog/dataset/945666e6-7803-4621-b8ef-cfd885a84596/resource/4a000a1b-24f0-4328-aab6-b9b525892090/download/query_en.sql&area=Africa&type=all&variable=4016&year=2015,2016,2017,2018,2019,2020,2021,2022",FAO AQUASTAT
Equatorial Guinea,"Climate - Sustainable Agric,Landuse, Water & Oceans",Water use,Pressure on water resources,SDG 6.4.1. Services Water Use Efficiency,US$/m3,332.32901538,349.945286151,299.157083821,277.409927204,293.863070351,319.610271236,284.461944967,284.463208561,,,,"https://api.data.apps.fao.org/api/v2/bigquery?sql_url=https://data.apps.fao.org/catalog/dataset/945666e6-7803-4621-b8ef-cfd885a84596/resource/4a000a1b-24f0-4328-aab6-b9b525892090/download/query_en.sql&area=Africa&type=all&variable=4016&year=2015,2016,2017,2018,2019,2020,2021,2022",FAO AQUASTAT
Equatorial Guinea,"Climate - Sustainable Agric,Landuse, Water & Oceans",Water use,Pressure on water resources,SDG 6.4.2. Agricultural Sector Contribution to Water Stress,%,0.009267841,0.009267841,0.009267841,0.009267841,0.009267841,0.009267841,0.009267841,0.009267841,,,,"https://api.data.apps.fao.org/api/v2/bigquery?sql_url=https://data.apps.fao.org/catalog/dataset/945666e6-7803-4621-b8ef-cfd885a84596/resource/4a000a1b-24f0-4328-aab6-b9b525892090/download/query_en.sql&area=Africa&type=all&variable=4016&year=2015,2016,2017,2018,2019,2020,2021,2022",FAO AQUASTAT
Equatorial Guinea,"Climate - Sustainable Agric,Landuse, Water & Oceans",Water use,Pressure on water resources,SDG 6.4.2. Industrial Sector Contribution to Water Stress,%,0.027803522,0.027803522,0.027803522,0.027803522,0.027803522,0.027803522,0.027803522,0.027803522,,,,"https://api.data.apps.fao.org/api/v2/bigquery?sql_url=https://data.apps.fao.org/catalog/dataset/945666e6-7803-4621-b8ef-cfd885a84596/resource/4a000a1b-24f0-4328-aab6-b9b525892090/download/query_en.sql&area=Africa&type=all&variable=4016&year=2015,2016,2017,2018,2019,2020,2021,2022",FAO AQUASTAT
Equatorial Guinea,"Climate - Sustainable Agric,Landuse, Water & Oceans",Water use,Pressure on water resources,SDG 6.4.2. Municipal Sector Contribution to Water Stress,%,0.146431881,0.146431881,0.146431881,0.146431881,0.146431881,0.146431881,0.146431881,0.146431881,,,,"https://api.data.apps.fao.org/api/v2/bigquery?sql_url=https://data.apps.fao.org/catalog/dataset/945666e6-7803-4621-b8ef-cfd885a84596/resource/4a000a1b-24f0-4328-aab6-b9b525892090/download/query_en.sql&area=Africa&type=all&variable=4016&year=2015,2016,2017,2018,2019,2020,2021,2022",FAO AQUASTAT
Equatorial Guinea,"Climate - Sustainable Agric,Landuse, Water & Oceans",Water use,Pressure on water resources,SDG 6.4.2. Water Stress,%,0.183503244,0.183503244,0.183503244,0.183503244,0.183503244,0.183503244,0.183503244,0.183503244,,,,"https://api.data.apps.fao.org/api/v2/bigquery?sql_url=https://data.apps.fao.org/catalog/dataset/945666e6-7803-4621-b8ef-cfd885a84596/resource/4a000a1b-24f0-4328-aab6-b9b525892090/download/query_en.sql&area=Africa&type=all&variable=4016&year=2015,2016,2017,2018,2019,2020,2021,2022",FAO AQUASTAT
Eritrea,"Climate - Sustainable Agric,Landuse, Water & Oceans",Water use,Pressure on water resources,Agricultural water withdrawal as % of total renewable water resources,%,7.518796993,7.518796993,7.518796993,7.518796993,7.518796993,7.518796993,7.518796993,7.518796993,,,,"https://api.data.apps.fao.org/api/v2/bigquery?sql_url=https://data.apps.fao.org/catalog/dataset/945666e6-7803-4621-b8ef-cfd885a84596/resource/4a000a1b-24f0-4328-aab6-b9b525892090/download/query_en.sql&area=Africa&type=all&variable=4016&year=2015,2016,2017,2018,2019,2020,2021,2022",FAO AQUASTAT
Eritrea,"Climate - Sustainable Agric,Landuse, Water & Oceans",Water use,Pressure on water resources,SDG 6.4.1. Industrial Water Use Efficiency,US$/m3,602.7386907,660.890815763,582.641327428,663.050221787,690.103758881,683.821971998,704.85983479,723.38254367,,,,"https://api.data.apps.fao.org/api/v2/bigquery?sql_url=https://data.apps.fao.org/catalog/dataset/945666e6-7803-4621-b8ef-cfd885a84596/resource/4a000a1b-24f0-4328-aab6-b9b525892090/download/query_en.sql&area=Africa&type=all&variable=4016&year=2015,2016,2017,2018,2019,2020,2021,2022",FAO AQUASTAT
Eritrea,"Climate - Sustainable Agric,Landuse, Water & Oceans",Water use,Pressure on water resources,SDG 6.4.1. Irrigated Agriculture Water Use Efficiency,US$/m3,0.018189506,0.020019258,0.017546141,0.020021075,0.020841913,0.020631323,0.021279061,0.021836715,,,,"https://api.data.apps.fao.org/api/v2/bigquery?sql_url=https://data.apps.fao.org/catalog/dataset/945666e6-7803-4621-b8ef-cfd885a84596/resource/4a000a1b-24f0-4328-aab6-b9b525892090/download/query_en.sql&area=Africa&type=all&variable=4016&year=2015,2016,2017,2018,2019,2020,2021,2022",FAO AQUASTAT
Eritrea,"Climate - Sustainable Agric,Landuse, Water & Oceans",Water use,Pressure on water resources,SDG 6.4.1. Services Water Use Efficiency,US$/m3,35.179915194,38.29563131,33.815337944,38.533529247,40.048512246,39.704126292,40.931246036,41.99589342,,,,"https://api.data.apps.fao.org/api/v2/bigquery?sql_url=https://data.apps.fao.org/catalog/dataset/945666e6-7803-4621-b8ef-cfd885a84596/resource/4a000a1b-24f0-4328-aab6-b9b525892090/download/query_en.sql&area=Africa&type=all&variable=4016&year=2015,2016,2017,2018,2019,2020,2021,2022",FAO AQUASTAT
Eritrea,"Climate - Sustainable Agric,Landuse, Water & Oceans",Water use,Pressure on water resources,SDG 6.4.1. Water Use Efficiency,US$/m3,2.926667165,3.19427144,2.818843954,3.210655016,3.338609434,3.309273393,3.411395095,3.50045607,,,,"https://api.data.apps.fao.org/api/v2/bigquery?sql_url=https://data.apps.fao.org/catalog/dataset/945666e6-7803-4621-b8ef-cfd885a84596/resource/4a000a1b-24f0-4328-aab6-b9b525892090/download/query_en.sql&area=Africa&type=all&variable=4016&year=2015,2016,2017,2018,2019,2020,2021,2022",FAO AQUASTAT
Eritrea,"Climate - Sustainable Agric,Landuse, Water & Oceans",Water use,Pressure on water resources,SDG 6.4.2. Agricultural Sector Contribution to Water Stress,%,10.560675883,10.560675883,10.560675883,10.560675883,10.560675883,10.560675883,10.560675883,10.560675883,,,,"https://api.data.apps.fao.org/api/v2/bigquery?sql_url=https://data.apps.fao.org/catalog/dataset/945666e6-7803-4621-b8ef-cfd885a84596/resource/4a000a1b-24f0-4328-aab6-b9b525892090/download/query_en.sql&area=Africa&type=all&variable=4016&year=2015,2016,2017,2018,2019,2020,2021,2022",FAO AQUASTAT
Eritrea,"Climate - Sustainable Agric,Landuse, Water & Oceans",Water use,Pressure on water resources,SDG 6.4.2. Industrial Sector Contribution to Water Stress,%,0.019201229,0.019201229,0.019201229,0.019201229,0.019201229,0.019201229,0.019201229,0.019201229,,,,"https://api.data.apps.fao.org/api/v2/bigquery?sql_url=https://data.apps.fao.org/catalog/dataset/945666e6-7803-4621-b8ef-cfd885a84596/resource/4a000a1b-24f0-4328-aab6-b9b525892090/download/query_en.sql&area=Africa&type=all&variable=4016&year=2015,2016,2017,2018,2019,2020,2021,2022",FAO AQUASTAT
Eritrea,"Climate - Sustainable Agric,Landuse, Water & Oceans",Water use,Pressure on water resources,SDG 6.4.2. Municipal Sector Contribution to Water Stress,%,0.595238095,0.595238095,0.595238095,0.595238095,0.595238095,0.595238095,0.595238095,0.595238095,,,,"https://api.data.apps.fao.org/api/v2/bigquery?sql_url=https://data.apps.fao.org/catalog/dataset/945666e6-7803-4621-b8ef-cfd885a84596/resource/4a000a1b-24f0-4328-aab6-b9b525892090/download/query_en.sql&area=Africa&type=all&variable=4016&year=2015,2016,2017,2018,2019,2020,2021,2022",FAO AQUASTAT
Eritrea,"Climate - Sustainable Agric,Landuse, Water & Oceans",Water use,Pressure on water resources,SDG 6.4.2. Water Stress,%,11.175115207,11.175115207,11.175115207,11.175115207,11.175115207,11.175115207,11.175115207,11.175115207,,,,"https://api.data.apps.fao.org/api/v2/bigquery?sql_url=https://data.apps.fao.org/catalog/dataset/945666e6-7803-4621-b8ef-cfd885a84596/resource/4a000a1b-24f0-4328-aab6-b9b525892090/download/query_en.sql&area=Africa&type=all&variable=4016&year=2015,2016,2017,2018,2019,2020,2021,2022",FAO AQUASTAT
Eswatini,"Climate - Sustainable Agric,Landuse, Water & Oceans",Water use,Pressure on water resources,Agricultural water withdrawal as % of total renewable water resources,%,22.305986696,22.305986696,22.305986696,22.305986696,22.305986696,22.305986696,22.305986696,22.305986696,,,,"https://api.data.apps.fao.org/api/v2/bigquery?sql_url=https://data.apps.fao.org/catalog/dataset/945666e6-7803-4621-b8ef-cfd885a84596/resource/4a000a1b-24f0-4328-aab6-b9b525892090/download/query_en.sql&area=Africa&type=all&variable=4016&year=2015,2016,2017,2018,2019,2020,2021,2022",FAO AQUASTAT
Eswatini,"Climate - Sustainable Agric,Landuse, Water & Oceans",Water use,Pressure on water resources,SDG 6.4.1. Industrial Water Use Efficiency,US$/m3,68.03721773,68.334958818,66.457805987,66.421143867,68.863057602,60.827705354,67.267164455,67.603312168,,,,"https://api.data.apps.fao.org/api/v2/bigquery?sql_url=https://data.apps.fao.org/catalog/dataset/945666e6-7803-4621-b8ef-cfd885a84596/resource/4a000a1b-24f0-4328-aab6-b9b525892090/download/query_en.sql&area=Africa&type=all&variable=4016&year=2015,2016,2017,2018,2019,2020,2021,2022",FAO AQUASTAT
Eswatini,"Climate - Sustainable Agric,Landuse, Water & Oceans",Water use,Pressure on water resources,SDG 6.4.1. Irrigated Agriculture Water Use Efficiency,US$/m3,0.114792256,0.111120307,0.106639204,0.110377423,0.113641264,0.106317095,0.11498315,0.11496829,,,,"https://api.data.apps.fao.org/api/v2/bigquery?sql_url=https://data.apps.fao.org/catalog/dataset/945666e6-7803-4621-b8ef-cfd885a84596/resource/4a000a1b-24f0-4328-aab6-b9b525892090/download/query_en.sql&area=Africa&type=all&variable=4016&year=2015,2016,2017,2018,2019,2020,2021,2022",FAO AQUASTAT
Eswatini,"Climate - Sustainable Agric,Landuse, Water & Oceans",Water use,Pressure on water resources,SDG 6.4.1. Services Water Use Efficiency,US$/m3,50.207030048,51.860977977,54.806056282,56.531573555,57.508541073,59.072025292,63.629435731,61.831297322,,,,"https://api.data.apps.fao.org/api/v2/bigquery?sql_url=https://data.apps.fao.org/catalog/dataset/945666e6-7803-4621-b8ef-cfd885a84596/resource/4a000a1b-24f0-4328-aab6-b9b525892090/download/query_en.sql&area=Africa&type=all&variable=4016&year=2015,2016,2017,2018,2019,2020,2021,2022",FAO AQUASTAT
Eswatini,"Climate - Sustainable Agric,Landuse, Water & Oceans",Water use,Pressure on water resources,SDG 6.4.1. Water Use Efficiency,US$/m3,3.368353705,3.434624594,3.507908003,3.577445087,3.665628418,3.563448636,3.872658286,3.809624757,,,,"https://api.data.apps.fao.org/api/v2/bigquery?sql_url=https://data.apps.fao.org/catalog/dataset/945666e6-7803-4621-b8ef-cfd885a84596/resource/4a000a1b-24f0-4328-aab6-b9b525892090/download/query_en.sql&area=Africa&type=all&variable=4016&year=2015,2016,2017,2018,2019,2020,2021,2022",FAO AQUASTAT
Eswatini,"Climate - Sustainable Agric,Landuse, Water & Oceans",Water use,Pressure on water resources,SDG 6.4.2. Agricultural Sector Contribution to Water Stress,%,73.057371097,73.057371097,73.057371097,73.057371097,73.057371097,73.057371097,73.057371097,73.057371097,,,,"https://api.data.apps.fao.org/api/v2/bigquery?sql_url=https://data.apps.fao.org/catalog/dataset/945666e6-7803-4621-b8ef-cfd885a84596/resource/4a000a1b-24f0-4328-aab6-b9b525892090/download/query_en.sql&area=Africa&type=all&variable=4016&year=2015,2016,2017,2018,2019,2020,2021,2022",FAO AQUASTAT
Eswatini,"Climate - Sustainable Agric,Landuse, Water & Oceans",Water use,Pressure on water resources,SDG 6.4.2. Industrial Sector Contribution to Water Stress,%,1.503267974,1.503267974,1.503267974,1.503267974,1.503267974,1.503267974,1.503267974,1.503267974,,,,"https://api.data.apps.fao.org/api/v2/bigquery?sql_url=https://data.apps.fao.org/catalog/dataset/945666e6-7803-4621-b8ef-cfd885a84596/resource/4a000a1b-24f0-4328-aab6-b9b525892090/download/query_en.sql&area=Africa&type=all&variable=4016&year=2015,2016,2017,2018,2019,2020,2021,2022",FAO AQUASTAT
Eswatini,"Climate - Sustainable Agric,Landuse, Water & Oceans",Water use,Pressure on water resources,SDG 6.4.2. Municipal Sector Contribution to Water Stress,%,2.999273784,2.999273784,2.999273784,2.999273784,2.999273784,2.999273784,2.999273784,2.999273784,,,,"https://api.data.apps.fao.org/api/v2/bigquery?sql_url=https://data.apps.fao.org/catalog/dataset/945666e6-7803-4621-b8ef-cfd885a84596/resource/4a000a1b-24f0-4328-aab6-b9b525892090/download/query_en.sql&area=Africa&type=all&variable=4016&year=2015,2016,2017,2018,2019,2020,2021,2022",FAO AQUASTAT
Eswatini,"Climate - Sustainable Agric,Landuse, Water & Oceans",Water use,Pressure on water resources,SDG 6.4.2. Water Stress,%,77.559912854,77.559912854,77.559912854,77.559912854,77.559912854,77.559912854,77.559912854,77.559912854,,,,"https://api.data.apps.fao.org/api/v2/bigquery?sql_url=https://data.apps.fao.org/catalog/dataset/945666e6-7803-4621-b8ef-cfd885a84596/resource/4a000a1b-24f0-4328-aab6-b9b525892090/download/query_en.sql&area=Africa&type=all&variable=4016&year=2015,2016,2017,2018,2019,2020,2021,2022",FAO AQUASTAT
Ethiopia,"Climate - Sustainable Agric,Landuse, Water & Oceans",Water use,Pressure on water resources,Agricultural water withdrawal as % of total renewable water resources,%,7.739940387,7.940163934,7.940163934,7.940163934,7.940163934,7.940163934,7.940163934,7.940163934,,,,"https://api.data.apps.fao.org/api/v2/bigquery?sql_url=https://data.apps.fao.org/catalog/dataset/945666e6-7803-4621-b8ef-cfd885a84596/resource/4a000a1b-24f0-4328-aab6-b9b525892090/download/query_en.sql&area=Africa&type=all&variable=4016&year=2015,2016,2017,2018,2019,2020,2021,2022",FAO AQUASTAT
Ethiopia,"Climate - Sustainable Agric,Landuse, Water & Oceans",Water use,Pressure on water resources,SDG 6.4.1. Industrial Water Use Efficiency,US$/m3,193.491741233,281.884546109,332.127065388,413.349053757,406.260205975,399.977152143,399.009427246,440.105355615,,,,"https://api.data.apps.fao.org/api/v2/bigquery?sql_url=https://data.apps.fao.org/catalog/dataset/945666e6-7803-4621-b8ef-cfd885a84596/resource/4a000a1b-24f0-4328-aab6-b9b525892090/download/query_en.sql&area=Africa&type=all&variable=4016&year=2015,2016,2017,2018,2019,2020,2021,2022",FAO AQUASTAT
Ethiopia,"Climate - Sustainable Agric,Landuse, Water & Oceans",Water use,Pressure on water resources,SDG 6.4.1. Irrigated Agriculture Water Use Efficiency,US$/m3,0.127575532,0.128716657,0.137297128,0.135539352,0.158235879,0.17742875,0.198091211,0.208956541,,,,"https://api.data.apps.fao.org/api/v2/bigquery?sql_url=https://data.apps.fao.org/catalog/dataset/945666e6-7803-4621-b8ef-cfd885a84596/resource/4a000a1b-24f0-4328-aab6-b9b525892090/download/query_en.sql&area=Africa&type=all&variable=4016&year=2015,2016,2017,2018,2019,2020,2021,2022",FAO AQUASTAT
Ethiopia,"Climate - Sustainable Agric,Landuse, Water & Oceans",Water use,Pressure on water resources,SDG 6.4.1. Services Water Use Efficiency,US$/m3,32.153516074,31.350250694,34.30995333,36.38383782,40.204048861,42.288479777,44.320354141,46.540097601,,,,"https://api.data.apps.fao.org/api/v2/bigquery?sql_url=https://data.apps.fao.org/catalog/dataset/945666e6-7803-4621-b8ef-cfd885a84596/resource/4a000a1b-24f0-4328-aab6-b9b525892090/download/query_en.sql&area=Africa&type=all&variable=4016&year=2015,2016,2017,2018,2019,2020,2021,2022",FAO AQUASTAT
Ethiopia,"Climate - Sustainable Agric,Landuse, Water & Oceans",Water use,Pressure on water resources,SDG 6.4.1. Water Use Efficiency,US$/m3,3.60414009,3.890510107,4.369768254,4.920887646,5.200747723,5.348001384,5.518318763,5.897841767,,,,"https://api.data.apps.fao.org/api/v2/bigquery?sql_url=https://data.apps.fao.org/catalog/dataset/945666e6-7803-4621-b8ef-cfd885a84596/resource/4a000a1b-24f0-4328-aab6-b9b525892090/download/query_en.sql&area=Africa&type=all&variable=4016&year=2015,2016,2017,2018,2019,2020,2021,2022",FAO AQUASTAT
Ethiopia,"Climate - Sustainable Agric,Landuse, Water & Oceans",Water use,Pressure on water resources,SDG 6.4.2. Agricultural Sector Contribution to Water Stress,%,28.876841813,29.623853211,29.623853211,29.623853211,29.623853211,29.623853211,29.623853211,29.623853211,,,,"https://api.data.apps.fao.org/api/v2/bigquery?sql_url=https://data.apps.fao.org/catalog/dataset/945666e6-7803-4621-b8ef-cfd885a84596/resource/4a000a1b-24f0-4328-aab6-b9b525892090/download/query_en.sql&area=Africa&type=all&variable=4016&year=2015,2016,2017,2018,2019,2020,2021,2022",FAO AQUASTAT
Ethiopia,"Climate - Sustainable Agric,Landuse, Water & Oceans",Water use,Pressure on water resources,SDG 6.4.2. Industrial Sector Contribution to Water Stress,%,0.156269113,0.156269113,0.156269113,0.156269113,0.156269113,0.156269113,0.156269113,0.156269113,,,,"https://api.data.apps.fao.org/api/v2/bigquery?sql_url=https://data.apps.fao.org/catalog/dataset/945666e6-7803-4621-b8ef-cfd885a84596/resource/4a000a1b-24f0-4328-aab6-b9b525892090/download/query_en.sql&area=Africa&type=all&variable=4016&year=2015,2016,2017,2018,2019,2020,2021,2022",FAO AQUASTAT
Ethiopia,"Climate - Sustainable Agric,Landuse, Water & Oceans",Water use,Pressure on water resources,SDG 6.4.2. Municipal Sector Contribution to Water Stress,%,2.47706422,2.47706422,2.47706422,2.47706422,2.47706422,2.47706422,2.47706422,2.47706422,,,,"https://api.data.apps.fao.org/api/v2/bigquery?sql_url=https://data.apps.fao.org/catalog/dataset/945666e6-7803-4621-b8ef-cfd885a84596/resource/4a000a1b-24f0-4328-aab6-b9b525892090/download/query_en.sql&area=Africa&type=all&variable=4016&year=2015,2016,2017,2018,2019,2020,2021,2022",FAO AQUASTAT
Ethiopia,"Climate - Sustainable Agric,Landuse, Water & Oceans",Water use,Pressure on water resources,SDG 6.4.2. Water Stress,%,31.510175146,32.262996942,32.257186544,32.257186544,32.257186544,32.257186544,32.257186544,32.257186544,,,,"https://api.data.apps.fao.org/api/v2/bigquery?sql_url=https://data.apps.fao.org/catalog/dataset/945666e6-7803-4621-b8ef-cfd885a84596/resource/4a000a1b-24f0-4328-aab6-b9b525892090/download/query_en.sql&area=Africa&type=all&variable=4016&year=2015,2016,2017,2018,2019,2020,2021,2022",FAO AQUASTAT
Gabon,"Climate - Sustainable Agric,Landuse, Water & Oceans",Water use,Pressure on water resources,Agricultural water withdrawal as % of total renewable water resources,%,0.024277108,0.024277108,0.024277108,0.024277108,0.024277108,0.024277108,0.024277108,0.024277108,,,,"https://api.data.apps.fao.org/api/v2/bigquery?sql_url=https://data.apps.fao.org/catalog/dataset/945666e6-7803-4621-b8ef-cfd885a84596/resource/4a000a1b-24f0-4328-aab6-b9b525892090/download/query_en.sql&area=Africa&type=all&variable=4016&year=2015,2016,2017,2018,2019,2020,2021,2022",FAO AQUASTAT
Gabon,"Climate - Sustainable Agric,Landuse, Water & Oceans",Water use,Pressure on water resources,SDG 6.4.1. Industrial Water Use Efficiency,US$/m3,479.490495532,457.090061988,462.467460656,484.187169227,509.426938086,433.209834662,544.133424867,588.81679495,,,,"https://api.data.apps.fao.org/api/v2/bigquery?sql_url=https://data.apps.fao.org/catalog/dataset/945666e6-7803-4621-b8ef-cfd885a84596/resource/4a000a1b-24f0-4328-aab6-b9b525892090/download/query_en.sql&area=Africa&type=all&variable=4016&year=2015,2016,2017,2018,2019,2020,2021,2022",FAO AQUASTAT
Gabon,"Climate - Sustainable Agric,Landuse, Water & Oceans",Water use,Pressure on water resources,SDG 6.4.1. Irrigated Agriculture Water Use Efficiency,US$/m3,0.199721427,0.235206746,0.250173393,0.26047673,0.276605605,0.324007818,0.298433409,0.30620608,,,,"https://api.data.apps.fao.org/api/v2/bigquery?sql_url=https://data.apps.fao.org/catalog/dataset/945666e6-7803-4621-b8ef-cfd885a84596/resource/4a000a1b-24f0-4328-aab6-b9b525892090/download/query_en.sql&area=Africa&type=all&variable=4016&year=2015,2016,2017,2018,2019,2020,2021,2022",FAO AQUASTAT
Gabon,"Climate - Sustainable Agric,Landuse, Water & Oceans",Water use,Pressure on water resources,SDG 6.4.1. Services Water Use Efficiency,US$/m3,70.138719115,76.450645489,78.536886704,76.796035937,79.260703207,86.474272608,72.803151508,70.841414864,,,,"https://api.data.apps.fao.org/api/v2/bigquery?sql_url=https://data.apps.fao.org/catalog/dataset/945666e6-7803-4621-b8ef-cfd885a84596/resource/4a000a1b-24f0-4328-aab6-b9b525892090/download/query_en.sql&area=Africa&type=all&variable=4016&year=2015,2016,2017,2018,2019,2020,2021,2022",FAO AQUASTAT
Gabon,"Climate - Sustainable Agric,Landuse, Water & Oceans",Water use,Pressure on water resources,SDG 6.4.1. Water Use Efficiency,US$/m3,91.370339824,92.953403154,94.773166692,95.917760907,99.981657761,96.662020659,99.573940257,102.911033449,,,,"https://api.data.apps.fao.org/api/v2/bigquery?sql_url=https://data.apps.fao.org/catalog/dataset/945666e6-7803-4621-b8ef-cfd885a84596/resource/4a000a1b-24f0-4328-aab6-b9b525892090/download/query_en.sql&area=Africa&type=all&variable=4016&year=2015,2016,2017,2018,2019,2020,2021,2022",FAO AQUASTAT
Gabon,"Climate - Sustainable Agric,Landuse, Water & Oceans",Water use,Pressure on water resources,SDG 6.4.2. Agricultural Sector Contribution to Water Stress,%,0.145487365,0.145487365,0.145487365,0.145487365,0.145487365,0.145487365,0.145487365,0.145487365,,,,"https://api.data.apps.fao.org/api/v2/bigquery?sql_url=https://data.apps.fao.org/catalog/dataset/945666e6-7803-4621-b8ef-cfd885a84596/resource/4a000a1b-24f0-4328-aab6-b9b525892090/download/query_en.sql&area=Africa&type=all&variable=4016&year=2015,2016,2017,2018,2019,2020,2021,2022",FAO AQUASTAT
Gabon,"Climate - Sustainable Agric,Landuse, Water & Oceans",Water use,Pressure on water resources,SDG 6.4.2. Industrial Sector Contribution to Water Stress,%,0.050902527,0.050902527,0.050902527,0.050902527,0.050902527,0.050902527,0.050902527,0.050902527,,,,"https://api.data.apps.fao.org/api/v2/bigquery?sql_url=https://data.apps.fao.org/catalog/dataset/945666e6-7803-4621-b8ef-cfd885a84596/resource/4a000a1b-24f0-4328-aab6-b9b525892090/download/query_en.sql&area=Africa&type=all&variable=4016&year=2015,2016,2017,2018,2019,2020,2021,2022",FAO AQUASTAT
Gabon,"Climate - Sustainable Agric,Landuse, Water & Oceans",Water use,Pressure on water resources,SDG 6.4.2. Municipal Sector Contribution to Water Stress,%,0.305776173,0.305776173,0.305776173,0.305776173,0.305776173,0.305776173,0.305776173,0.305776173,,,,"https://api.data.apps.fao.org/api/v2/bigquery?sql_url=https://data.apps.fao.org/catalog/dataset/945666e6-7803-4621-b8ef-cfd885a84596/resource/4a000a1b-24f0-4328-aab6-b9b525892090/download/query_en.sql&area=Africa&type=all&variable=4016&year=2015,2016,2017,2018,2019,2020,2021,2022",FAO AQUASTAT
Gabon,"Climate - Sustainable Agric,Landuse, Water & Oceans",Water use,Pressure on water resources,SDG 6.4.2. Water Stress,%,0.502166065,0.502166065,0.502166065,0.502166065,0.502166065,0.502166065,0.502166065,0.502166065,,,,"https://api.data.apps.fao.org/api/v2/bigquery?sql_url=https://data.apps.fao.org/catalog/dataset/945666e6-7803-4621-b8ef-cfd885a84596/resource/4a000a1b-24f0-4328-aab6-b9b525892090/download/query_en.sql&area=Africa&type=all&variable=4016&year=2015,2016,2017,2018,2019,2020,2021,2022",FAO AQUASTAT
Gambia,"Climate - Sustainable Agric,Landuse, Water & Oceans",Water use,Pressure on water resources,Agricultural water withdrawal as % of total renewable water resources,%,0.49,0.49,0.49,0.49,0.49,0.49,0.49,0.49,,,,"https://api.data.apps.fao.org/api/v2/bigquery?sql_url=https://data.apps.fao.org/catalog/dataset/945666e6-7803-4621-b8ef-cfd885a84596/resource/4a000a1b-24f0-4328-aab6-b9b525892090/download/query_en.sql&area=Africa&type=all&variable=4016&year=2015,2016,2017,2018,2019,2020,2021,2022",FAO AQUASTAT
Gambia,"Climate - Sustainable Agric,Landuse, Water & Oceans",Water use,Pressure on water resources,SDG 6.4.1. Industrial Water Use Efficiency,US$/m3,9.993771038,12.724055201,11.387646549,11.375663028,12.009785325,11.609602129,11.58513766,12.770703631,,,,"https://api.data.apps.fao.org/api/v2/bigquery?sql_url=https://data.apps.fao.org/catalog/dataset/945666e6-7803-4621-b8ef-cfd885a84596/resource/4a000a1b-24f0-4328-aab6-b9b525892090/download/query_en.sql&area=Africa&type=all&variable=4016&year=2015,2016,2017,2018,2019,2020,2021,2022",FAO AQUASTAT
Gambia,"Climate - Sustainable Agric,Landuse, Water & Oceans",Water use,Pressure on water resources,SDG 6.4.1. Irrigated Agriculture Water Use Efficiency,US$/m3,0.114592812,0.11499181,0.115798559,0.117493608,0.125635521,0.1342127,0.156795537,0.150742891,,,,"https://api.data.apps.fao.org/api/v2/bigquery?sql_url=https://data.apps.fao.org/catalog/dataset/945666e6-7803-4621-b8ef-cfd885a84596/resource/4a000a1b-24f0-4328-aab6-b9b525892090/download/query_en.sql&area=Africa&type=all&variable=4016&year=2015,2016,2017,2018,2019,2020,2021,2022",FAO AQUASTAT
Gambia,"Climate - Sustainable Agric,Landuse, Water & Oceans",Water use,Pressure on water resources,SDG 6.4.1. Services Water Use Efficiency,US$/m3,17.949826335,17.232535711,19.633371061,21.758794619,23.159356804,23.027094081,23.903451317,25.40859272,,,,"https://api.data.apps.fao.org/api/v2/bigquery?sql_url=https://data.apps.fao.org/catalog/dataset/945666e6-7803-4621-b8ef-cfd885a84596/resource/4a000a1b-24f0-4328-aab6-b9b525892090/download/query_en.sql&area=Africa&type=all&variable=4016&year=2015,2016,2017,2018,2019,2020,2021,2022",FAO AQUASTAT
Gambia,"Climate - Sustainable Agric,Landuse, Water & Oceans",Water use,Pressure on water resources,SDG 6.4.1. Water Use Efficiency,US$/m3,9.408393988,9.687383076,10.382404509,11.242442362,11.945845095,11.812017511,12.170998993,13.026398212,,,,"https://api.data.apps.fao.org/api/v2/bigquery?sql_url=https://data.apps.fao.org/catalog/dataset/945666e6-7803-4621-b8ef-cfd885a84596/resource/4a000a1b-24f0-4328-aab6-b9b525892090/download/query_en.sql&area=Africa&type=all&variable=4016&year=2015,2016,2017,2018,2019,2020,2021,2022",FAO AQUASTAT
Gambia,"Climate - Sustainable Agric,Landuse, Water & Oceans",Water use,Pressure on water resources,SDG 6.4.2. Agricultural Sector Contribution to Water Stress,%,0.852544585,0.852544585,0.852544585,0.852544585,0.852544585,0.852544585,0.852544585,0.852544585,,,,"https://api.data.apps.fao.org/api/v2/bigquery?sql_url=https://data.apps.fao.org/catalog/dataset/945666e6-7803-4621-b8ef-cfd885a84596/resource/4a000a1b-24f0-4328-aab6-b9b525892090/download/query_en.sql&area=Africa&type=all&variable=4016&year=2015,2016,2017,2018,2019,2020,2021,2022",FAO AQUASTAT
Gambia,"Climate - Sustainable Agric,Landuse, Water & Oceans",Water use,Pressure on water resources,SDG 6.4.2. Industrial Sector Contribution to Water Stress,%,0.46107003,0.46107003,0.46107003,0.46107003,0.46107003,0.46107003,0.46107003,0.46107003,,,,"https://api.data.apps.fao.org/api/v2/bigquery?sql_url=https://data.apps.fao.org/catalog/dataset/945666e6-7803-4621-b8ef-cfd885a84596/resource/4a000a1b-24f0-4328-aab6-b9b525892090/download/query_en.sql&area=Africa&type=all&variable=4016&year=2015,2016,2017,2018,2019,2020,2021,2022",FAO AQUASTAT
Gambia,"Climate - Sustainable Agric,Landuse, Water & Oceans",Water use,Pressure on water resources,SDG 6.4.2. Municipal Sector Contribution to Water Stress,%,0.896041757,0.896041757,0.896041757,0.896041757,0.896041757,0.896041757,0.896041757,0.896041757,,,,"https://api.data.apps.fao.org/api/v2/bigquery?sql_url=https://data.apps.fao.org/catalog/dataset/945666e6-7803-4621-b8ef-cfd885a84596/resource/4a000a1b-24f0-4328-aab6-b9b525892090/download/query_en.sql&area=Africa&type=all&variable=4016&year=2015,2016,2017,2018,2019,2020,2021,2022",FAO AQUASTAT
Gambia,"Climate - Sustainable Agric,Landuse, Water & Oceans",Water use,Pressure on water resources,SDG 6.4.2. Water Stress,%,2.209656372,2.209656372,2.209656372,2.209656372,2.209656372,2.209656372,2.209656372,2.209656372,,,,"https://api.data.apps.fao.org/api/v2/bigquery?sql_url=https://data.apps.fao.org/catalog/dataset/945666e6-7803-4621-b8ef-cfd885a84596/resource/4a000a1b-24f0-4328-aab6-b9b525892090/download/query_en.sql&area=Africa&type=all&variable=4016&year=2015,2016,2017,2018,2019,2020,2021,2022",FAO AQUASTAT
Ghana,"Climate - Sustainable Agric,Landuse, Water & Oceans",Water use,Pressure on water resources,Agricultural water withdrawal as % of total renewable water resources,%,1.857428826,1.903914591,1.903914591,1.903914591,1.903914591,1.903914591,1.903914591,1.903914591,,,,"https://api.data.apps.fao.org/api/v2/bigquery?sql_url=https://data.apps.fao.org/catalog/dataset/945666e6-7803-4621-b8ef-cfd885a84596/resource/4a000a1b-24f0-4328-aab6-b9b525892090/download/query_en.sql&area=Africa&type=all&variable=4016&year=2015,2016,2017,2018,2019,2020,2021,2022",FAO AQUASTAT
Ghana,"Climate - Sustainable Agric,Landuse, Water & Oceans",Water use,Pressure on water resources,SDG 6.4.1. Industrial Water Use Efficiency,US$/m3,150.734876147,137.465034708,161.186232585,181.888583635,194.6816902,187.420045487,185.465506761,219.298209789,,,,"https://api.data.apps.fao.org/api/v2/bigquery?sql_url=https://data.apps.fao.org/catalog/dataset/945666e6-7803-4621-b8ef-cfd885a84596/resource/4a000a1b-24f0-4328-aab6-b9b525892090/download/query_en.sql&area=Africa&type=all&variable=4016&year=2015,2016,2017,2018,2019,2020,2021,2022",FAO AQUASTAT
Ghana,"Climate - Sustainable Agric,Landuse, Water & Oceans",Water use,Pressure on water resources,SDG 6.4.1. Irrigated Agriculture Water Use Efficiency,US$/m3,0.140307061,0.148090092,0.150275235,0.147965382,0.150527422,0.164668886,0.18040402,0.185086164,,,,"https://api.data.apps.fao.org/api/v2/bigquery?sql_url=https://data.apps.fao.org/catalog/dataset/945666e6-7803-4621-b8ef-cfd885a84596/resource/4a000a1b-24f0-4328-aab6-b9b525892090/download/query_en.sql&area=Africa&type=all&variable=4016&year=2015,2016,2017,2018,2019,2020,2021,2022",FAO AQUASTAT
Ghana,"Climate - Sustainable Agric,Landuse, Water & Oceans",Water use,Pressure on water resources,SDG 6.4.1. Services Water Use Efficiency,US$/m3,71.835119629,80.034617335,85.97048054,90.72252123,99.263743833,99.881085826,105.604586492,100.605807126,,,,"https://api.data.apps.fao.org/api/v2/bigquery?sql_url=https://data.apps.fao.org/catalog/dataset/945666e6-7803-4621-b8ef-cfd885a84596/resource/4a000a1b-24f0-4328-aab6-b9b525892090/download/query_en.sql&area=Africa&type=all&variable=4016&year=2015,2016,2017,2018,2019,2020,2021,2022",FAO AQUASTAT
Ghana,"Climate - Sustainable Agric,Landuse, Water & Oceans",Water use,Pressure on water resources,SDG 6.4.1. Water Use Efficiency,US$/m3,25.018215894,25.396699474,28.151196618,30.464431083,33.043317331,32.708912565,33.764433672,34.939827899,,,,"https://api.data.apps.fao.org/api/v2/bigquery?sql_url=https://data.apps.fao.org/catalog/dataset/945666e6-7803-4621-b8ef-cfd885a84596/resource/4a000a1b-24f0-4328-aab6-b9b525892090/download/query_en.sql&area=Africa&type=all&variable=4016&year=2015,2016,2017,2018,2019,2020,2021,2022",FAO AQUASTAT
Ghana,"Climate - Sustainable Agric,Landuse, Water & Oceans",Water use,Pressure on water resources,SDG 6.4.2. Agricultural Sector Contribution to Water Stress,%,4.550457716,4.613386232,4.613386232,4.613386232,4.613386232,4.613386232,4.613386232,4.613386232,,,,"https://api.data.apps.fao.org/api/v2/bigquery?sql_url=https://data.apps.fao.org/catalog/dataset/945666e6-7803-4621-b8ef-cfd885a84596/resource/4a000a1b-24f0-4328-aab6-b9b525892090/download/query_en.sql&area=Africa&type=all&variable=4016&year=2015,2016,2017,2018,2019,2020,2021,2022",FAO AQUASTAT
Ghana,"Climate - Sustainable Agric,Landuse, Water & Oceans",Water use,Pressure on water resources,SDG 6.4.2. Industrial Sector Contribution to Water Stress,%,0.414123801,0.409599712,0.409599712,0.409599712,0.409599712,0.409599712,0.409599712,0.409599712,,,,"https://api.data.apps.fao.org/api/v2/bigquery?sql_url=https://data.apps.fao.org/catalog/dataset/945666e6-7803-4621-b8ef-cfd885a84596/resource/4a000a1b-24f0-4328-aab6-b9b525892090/download/query_en.sql&area=Africa&type=all&variable=4016&year=2015,2016,2017,2018,2019,2020,2021,2022",FAO AQUASTAT
Ghana,"Climate - Sustainable Agric,Landuse, Water & Oceans",Water use,Pressure on water resources,SDG 6.4.2. Municipal Sector Contribution to Water Stress,%,1.306015693,1.291748145,1.291748145,1.291748145,1.291748145,1.291748145,1.291748145,1.291748145,,,,"https://api.data.apps.fao.org/api/v2/bigquery?sql_url=https://data.apps.fao.org/catalog/dataset/945666e6-7803-4621-b8ef-cfd885a84596/resource/4a000a1b-24f0-4328-aab6-b9b525892090/download/query_en.sql&area=Africa&type=all&variable=4016&year=2015,2016,2017,2018,2019,2020,2021,2022",FAO AQUASTAT
Ghana,"Climate - Sustainable Agric,Landuse, Water & Oceans",Water use,Pressure on water resources,SDG 6.4.2. Water Stress,%,6.27059721,6.314734089,6.314734089,6.314734089,6.314734089,6.314734089,6.314734089,6.314734089,,,,"https://api.data.apps.fao.org/api/v2/bigquery?sql_url=https://data.apps.fao.org/catalog/dataset/945666e6-7803-4621-b8ef-cfd885a84596/resource/4a000a1b-24f0-4328-aab6-b9b525892090/download/query_en.sql&area=Africa&type=all&variable=4016&year=2015,2016,2017,2018,2019,2020,2021,2022",FAO AQUASTAT
Guinea,"Climate - Sustainable Agric,Landuse, Water & Oceans",Water use,Pressure on water resources,Agricultural water withdrawal as % of total renewable water resources,%,0.241507028,0.24950026,0.257493493,0.265486726,0.265486726,0.265486726,0.265486726,0.265486726,,,,"https://api.data.apps.fao.org/api/v2/bigquery?sql_url=https://data.apps.fao.org/catalog/dataset/945666e6-7803-4621-b8ef-cfd885a84596/resource/4a000a1b-24f0-4328-aab6-b9b525892090/download/query_en.sql&area=Africa&type=all&variable=4016&year=2015,2016,2017,2018,2019,2020,2021,2022",FAO AQUASTAT
Guinea,"Climate - Sustainable Agric,Landuse, Water & Oceans",Water use,Pressure on water resources,SDG 6.4.1. Industrial Water Use Efficiency,US$/m3,38.205538895,48.285574838,55.843008117,57.722900642,57.891381985,58.935847306,63.724648757,66.656338931,,,,"https://api.data.apps.fao.org/api/v2/bigquery?sql_url=https://data.apps.fao.org/catalog/dataset/945666e6-7803-4621-b8ef-cfd885a84596/resource/4a000a1b-24f0-4328-aab6-b9b525892090/download/query_en.sql&area=Africa&type=all&variable=4016&year=2015,2016,2017,2018,2019,2020,2021,2022",FAO AQUASTAT
Guinea,"Climate - Sustainable Agric,Landuse, Water & Oceans",Water use,Pressure on water resources,SDG 6.4.1. Irrigated Agriculture Water Use Efficiency,US$/m3,0.022776215,0.022396331,0.026860487,0.028928542,0.034658142,0.034546581,0.038289626,0.040089238,,,,"https://api.data.apps.fao.org/api/v2/bigquery?sql_url=https://data.apps.fao.org/catalog/dataset/945666e6-7803-4621-b8ef-cfd885a84596/resource/4a000a1b-24f0-4328-aab6-b9b525892090/download/query_en.sql&area=Africa&type=all&variable=4016&year=2015,2016,2017,2018,2019,2020,2021,2022",FAO AQUASTAT
Guinea,"Climate - Sustainable Agric,Landuse, Water & Oceans",Water use,Pressure on water resources,SDG 6.4.1. Services Water Use Efficiency,US$/m3,18.403665975,18.99061125,18.879488612,20.102509251,19.674760071,21.473746805,21.904435087,22.950474401,,,,"https://api.data.apps.fao.org/api/v2/bigquery?sql_url=https://data.apps.fao.org/catalog/dataset/945666e6-7803-4621-b8ef-cfd885a84596/resource/4a000a1b-24f0-4328-aab6-b9b525892090/download/query_en.sql&area=Africa&type=all&variable=4016&year=2015,2016,2017,2018,2019,2020,2021,2022",FAO AQUASTAT
Guinea,"Climate - Sustainable Agric,Landuse, Water & Oceans",Water use,Pressure on water resources,SDG 6.4.1. Water Use Efficiency,US$/m3,7.774731956,8.485984476,8.820293439,9.105964372,9.010643394,9.54588826,9.982553675,10.451733698,,,,"https://api.data.apps.fao.org/api/v2/bigquery?sql_url=https://data.apps.fao.org/catalog/dataset/945666e6-7803-4621-b8ef-cfd885a84596/resource/4a000a1b-24f0-4328-aab6-b9b525892090/download/query_en.sql&area=Africa&type=all&variable=4016&year=2015,2016,2017,2018,2019,2020,2021,2022",FAO AQUASTAT
Guinea,"Climate - Sustainable Agric,Landuse, Water & Oceans",Water use,Pressure on water resources,SDG 6.4.2. Agricultural Sector Contribution to Water Stress,%,0.822930035,0.856196426,0.889581217,0.923076923,0.923076923,0.923076923,0.923076923,0.923076923,,,,"https://api.data.apps.fao.org/api/v2/bigquery?sql_url=https://data.apps.fao.org/catalog/dataset/945666e6-7803-4621-b8ef-cfd885a84596/resource/4a000a1b-24f0-4328-aab6-b9b525892090/download/query_en.sql&area=Africa&type=all&variable=4016&year=2015,2016,2017,2018,2019,2020,2021,2022",FAO AQUASTAT
Guinea,"Climate - Sustainable Agric,Landuse, Water & Oceans",Water use,Pressure on water resources,SDG 6.4.2. Industrial Sector Contribution to Water Stress,%,0.089141868,0.090217935,0.091272762,0.092307692,0.092307692,0.092307692,0.092307692,0.092307692,,,,"https://api.data.apps.fao.org/api/v2/bigquery?sql_url=https://data.apps.fao.org/catalog/dataset/945666e6-7803-4621-b8ef-cfd885a84596/resource/4a000a1b-24f0-4328-aab6-b9b525892090/download/query_en.sql&area=Africa&type=all&variable=4016&year=2015,2016,2017,2018,2019,2020,2021,2022",FAO AQUASTAT
Guinea,"Climate - Sustainable Agric,Landuse, Water & Oceans",Water use,Pressure on water resources,SDG 6.4.2. Municipal Sector Contribution to Water Stress,%,0.344969518,0.348023509,0.35098034,0.353846154,0.353846154,0.353846154,0.353846154,0.353846154,,,,"https://api.data.apps.fao.org/api/v2/bigquery?sql_url=https://data.apps.fao.org/catalog/dataset/945666e6-7803-4621-b8ef-cfd885a84596/resource/4a000a1b-24f0-4328-aab6-b9b525892090/download/query_en.sql&area=Africa&type=all&variable=4016&year=2015,2016,2017,2018,2019,2020,2021,2022",FAO AQUASTAT
Guinea,"Climate - Sustainable Agric,Landuse, Water & Oceans",Water use,Pressure on water resources,SDG 6.4.2. Water Stress,%,1.25704142,1.29443787,1.331834319,1.369230769,1.369230769,1.369230769,1.369230769,1.369230769,,,,"https://api.data.apps.fao.org/api/v2/bigquery?sql_url=https://data.apps.fao.org/catalog/dataset/945666e6-7803-4621-b8ef-cfd885a84596/resource/4a000a1b-24f0-4328-aab6-b9b525892090/download/query_en.sql&area=Africa&type=all&variable=4016&year=2015,2016,2017,2018,2019,2020,2021,2022",FAO AQUASTAT
Guinea Bissau,"Climate - Sustainable Agric,Landuse, Water & Oceans",Water use,Pressure on water resources,Agricultural water withdrawal as % of total renewable water resources,%,0.458598726,0.458598726,0.458598726,0.458598726,0.458598726,0.458598726,0.458598726,0.458598726,,,,"https://api.data.apps.fao.org/api/v2/bigquery?sql_url=https://data.apps.fao.org/catalog/dataset/945666e6-7803-4621-b8ef-cfd885a84596/resource/4a000a1b-24f0-4328-aab6-b9b525892090/download/query_en.sql&area=Africa&type=all&variable=4016&year=2015,2016,2017,2018,2019,2020,2021,2022",FAO AQUASTAT
Guinea Bissau,"Climate - Sustainable Agric,Landuse, Water & Oceans",Water use,Pressure on water resources,SDG 6.4.1. Industrial Water Use Efficiency,US$/m3,10.252748378,11.252808497,11.856446738,12.273688034,14.012483369,13.937180606,14.604550996,15.479477092,,,,"https://api.data.apps.fao.org/api/v2/bigquery?sql_url=https://data.apps.fao.org/catalog/dataset/945666e6-7803-4621-b8ef-cfd885a84596/resource/4a000a1b-24f0-4328-aab6-b9b525892090/download/query_en.sql&area=Africa&type=all&variable=4016&year=2015,2016,2017,2018,2019,2020,2021,2022",FAO AQUASTAT
Guinea Bissau,"Climate - Sustainable Agric,Landuse, Water & Oceans",Water use,Pressure on water resources,SDG 6.4.1. Irrigated Agriculture Water Use Efficiency,US$/m3,0.123749969,0.130264571,0.146338338,0.100031586,0.103456725,0.103665733,0.111640311,0.115894635,,,,"https://api.data.apps.fao.org/api/v2/bigquery?sql_url=https://data.apps.fao.org/catalog/dataset/945666e6-7803-4621-b8ef-cfd885a84596/resource/4a000a1b-24f0-4328-aab6-b9b525892090/download/query_en.sql&area=Africa&type=all&variable=4016&year=2015,2016,2017,2018,2019,2020,2021,2022",FAO AQUASTAT
Guinea Bissau,"Climate - Sustainable Agric,Landuse, Water & Oceans",Water use,Pressure on water resources,SDG 6.4.1. Services Water Use Efficiency,US$/m3,11.375592663,12.023741678,11.509014523,19.576287428,20.676650235,20.040918778,21.915490824,22.774293635,,,,"https://api.data.apps.fao.org/api/v2/bigquery?sql_url=https://data.apps.fao.org/catalog/dataset/945666e6-7803-4621-b8ef-cfd885a84596/resource/4a000a1b-24f0-4328-aab6-b9b525892090/download/query_en.sql&area=Africa&type=all&variable=4016&year=2015,2016,2017,2018,2019,2020,2021,2022",FAO AQUASTAT
Guinea Bissau,"Climate - Sustainable Agric,Landuse, Water & Oceans",Water use,Pressure on water resources,SDG 6.4.1. Water Use Efficiency,US$/m3,2.777554795,2.961453213,2.919062274,4.357962302,4.66694786,4.548292869,4.932571572,5.14472641,,,,"https://api.data.apps.fao.org/api/v2/bigquery?sql_url=https://data.apps.fao.org/catalog/dataset/945666e6-7803-4621-b8ef-cfd885a84596/resource/4a000a1b-24f0-4328-aab6-b9b525892090/download/query_en.sql&area=Africa&type=all&variable=4016&year=2015,2016,2017,2018,2019,2020,2021,2022",FAO AQUASTAT
Guinea Bissau,"Climate - Sustainable Agric,Landuse, Water & Oceans",Water use,Pressure on water resources,SDG 6.4.2. Agricultural Sector Contribution to Water Stress,%,1.133603239,1.133603239,1.133603239,1.133603239,1.133603239,1.133603239,1.133603239,1.133603239,,,,"https://api.data.apps.fao.org/api/v2/bigquery?sql_url=https://data.apps.fao.org/catalog/dataset/945666e6-7803-4621-b8ef-cfd885a84596/resource/4a000a1b-24f0-4328-aab6-b9b525892090/download/query_en.sql&area=Africa&type=all&variable=4016&year=2015,2016,2017,2018,2019,2020,2021,2022",FAO AQUASTAT
Guinea Bissau,"Climate - Sustainable Agric,Landuse, Water & Oceans",Water use,Pressure on water resources,SDG 6.4.2. Industrial Sector Contribution to Water Stress,%,0.093679712,0.093679712,0.093679712,0.093679712,0.093679712,0.093679712,0.093679712,0.093679712,,,,"https://api.data.apps.fao.org/api/v2/bigquery?sql_url=https://data.apps.fao.org/catalog/dataset/945666e6-7803-4621-b8ef-cfd885a84596/resource/4a000a1b-24f0-4328-aab6-b9b525892090/download/query_en.sql&area=Africa&type=all&variable=4016&year=2015,2016,2017,2018,2019,2020,2021,2022",FAO AQUASTAT
Guinea Bissau,"Climate - Sustainable Agric,Landuse, Water & Oceans",Water use,Pressure on water resources,SDG 6.4.2. Municipal Sector Contribution to Water Stress,%,0.268443545,0.268443545,0.268443545,0.268443545,0.268443545,0.268443545,0.268443545,0.268443545,,,,"https://api.data.apps.fao.org/api/v2/bigquery?sql_url=https://data.apps.fao.org/catalog/dataset/945666e6-7803-4621-b8ef-cfd885a84596/resource/4a000a1b-24f0-4328-aab6-b9b525892090/download/query_en.sql&area=Africa&type=all&variable=4016&year=2015,2016,2017,2018,2019,2020,2021,2022",FAO AQUASTAT
Guinea Bissau,"Climate - Sustainable Agric,Landuse, Water & Oceans",Water use,Pressure on water resources,SDG 6.4.2. Water Stress,%,1.495726496,1.495726496,1.495726496,1.495726496,1.495726496,1.495726496,1.495726496,1.495726496,,,,"https://api.data.apps.fao.org/api/v2/bigquery?sql_url=https://data.apps.fao.org/catalog/dataset/945666e6-7803-4621-b8ef-cfd885a84596/resource/4a000a1b-24f0-4328-aab6-b9b525892090/download/query_en.sql&area=Africa&type=all&variable=4016&year=2015,2016,2017,2018,2019,2020,2021,2022",FAO AQUASTAT
Kenya,"Climate - Sustainable Agric,Landuse, Water & Oceans",Water use,Pressure on water resources,Agricultural water withdrawal as % of total renewable water resources,%,6.215586997,10.534201954,10.534201954,10.534201954,10.534201954,10.534201954,10.534201954,10.534201954,,,,"https://api.data.apps.fao.org/api/v2/bigquery?sql_url=https://data.apps.fao.org/catalog/dataset/945666e6-7803-4621-b8ef-cfd885a84596/resource/4a000a1b-24f0-4328-aab6-b9b525892090/download/query_en.sql&area=Africa&type=all&variable=4016&year=2015,2016,2017,2018,2019,2020,2021,2022",FAO AQUASTAT
Kenya,"Climate - Sustainable Agric,Landuse, Water & Oceans",Water use,Pressure on water resources,SDG 6.4.1. Industrial Water Use Efficiency,US$/m3,91.39449137,37.436818047,37.461952324,39.652230502,41.105208171,42.486523012,45.34324703,49.639736762,,,,"https://api.data.apps.fao.org/api/v2/bigquery?sql_url=https://data.apps.fao.org/catalog/dataset/945666e6-7803-4621-b8ef-cfd885a84596/resource/4a000a1b-24f0-4328-aab6-b9b525892090/download/query_en.sql&area=Africa&type=all&variable=4016&year=2015,2016,2017,2018,2019,2020,2021,2022",FAO AQUASTAT
Kenya,"Climate - Sustainable Agric,Landuse, Water & Oceans",Water use,Pressure on water resources,SDG 6.4.1. Irrigated Agriculture Water Use Efficiency,US$/m3,0.218804828,0.138494662,0.149944522,0.153997952,0.166291986,0.18047809,0.183694227,0.189805086,,,,"https://api.data.apps.fao.org/api/v2/bigquery?sql_url=https://data.apps.fao.org/catalog/dataset/945666e6-7803-4621-b8ef-cfd885a84596/resource/4a000a1b-24f0-4328-aab6-b9b525892090/download/query_en.sql&area=Africa&type=all&variable=4016&year=2015,2016,2017,2018,2019,2020,2021,2022",FAO AQUASTAT
Kenya,"Climate - Sustainable Agric,Landuse, Water & Oceans",Water use,Pressure on water resources,SDG 6.4.1. Services Water Use Efficiency,US$/m3,34.697525214,87.264201793,89.53470609,94.483465739,98.964525388,95.211506424,104.301334476,108.915531237,,,,"https://api.data.apps.fao.org/api/v2/bigquery?sql_url=https://data.apps.fao.org/catalog/dataset/945666e6-7803-4621-b8ef-cfd885a84596/resource/4a000a1b-24f0-4328-aab6-b9b525892090/download/query_en.sql&area=Africa&type=all&variable=4016&year=2015,2016,2017,2018,2019,2020,2021,2022",FAO AQUASTAT
Kenya,"Climate - Sustainable Agric,Landuse, Water & Oceans",Water use,Pressure on water resources,SDG 6.4.1. Water Use Efficiency,US$/m3,16.467631178,13.637655628,13.927473128,14.702869732,15.372050205,15.026482713,16.359680443,17.253932999,,,,"https://api.data.apps.fao.org/api/v2/bigquery?sql_url=https://data.apps.fao.org/catalog/dataset/945666e6-7803-4621-b8ef-cfd885a84596/resource/4a000a1b-24f0-4328-aab6-b9b525892090/download/query_en.sql&area=Africa&type=all&variable=4016&year=2015,2016,2017,2018,2019,2020,2021,2022",FAO AQUASTAT
Kenya,"Climate - Sustainable Agric,Landuse, Water & Oceans",Water use,Pressure on water resources,SDG 6.4.2. Agricultural Sector Contribution to Water Stress,%,15.731122904,26.661170651,26.661170651,26.661170651,26.661170651,26.661170651,26.661170651,26.661170651,,,,"https://api.data.apps.fao.org/api/v2/bigquery?sql_url=https://data.apps.fao.org/catalog/dataset/945666e6-7803-4621-b8ef-cfd885a84596/resource/4a000a1b-24f0-4328-aab6-b9b525892090/download/query_en.sql&area=Africa&type=all&variable=4016&year=2015,2016,2017,2018,2019,2020,2021,2022",FAO AQUASTAT
Kenya,"Climate - Sustainable Agric,Landuse, Water & Oceans",Water use,Pressure on water resources,SDG 6.4.2. Industrial Sector Contribution to Water Stress,%,1.031143347,2.497938994,2.497938994,2.497938994,2.497938994,2.497938994,2.497938994,2.497938994,,,,"https://api.data.apps.fao.org/api/v2/bigquery?sql_url=https://data.apps.fao.org/catalog/dataset/945666e6-7803-4621-b8ef-cfd885a84596/resource/4a000a1b-24f0-4328-aab6-b9b525892090/download/query_en.sql&area=Africa&type=all&variable=4016&year=2015,2016,2017,2018,2019,2020,2021,2022",FAO AQUASTAT
Kenya,"Climate - Sustainable Agric,Landuse, Water & Oceans",Water use,Pressure on water resources,SDG 6.4.2. Municipal Sector Contribution to Water Stress,%,9.783488077,4.080791426,4.080791426,4.080791426,4.080791426,4.080791426,4.080791426,4.080791426,,,,"https://api.data.apps.fao.org/api/v2/bigquery?sql_url=https://data.apps.fao.org/catalog/dataset/945666e6-7803-4621-b8ef-cfd885a84596/resource/4a000a1b-24f0-4328-aab6-b9b525892090/download/query_en.sql&area=Africa&type=all&variable=4016&year=2015,2016,2017,2018,2019,2020,2021,2022",FAO AQUASTAT
Kenya,"Climate - Sustainable Agric,Landuse, Water & Oceans",Water use,Pressure on water resources,SDG 6.4.2. Water Stress,%,26.545754328,33.239901072,33.239901072,33.239901072,33.239901072,33.239901072,33.239901072,33.239901072,,,,"https://api.data.apps.fao.org/api/v2/bigquery?sql_url=https://data.apps.fao.org/catalog/dataset/945666e6-7803-4621-b8ef-cfd885a84596/resource/4a000a1b-24f0-4328-aab6-b9b525892090/download/query_en.sql&area=Africa&type=all&variable=4016&year=2015,2016,2017,2018,2019,2020,2021,2022",FAO AQUASTAT
Lesotho,"Climate - Sustainable Agric,Landuse, Water & Oceans",Water use,Pressure on water resources,Agricultural water withdrawal as % of total renewable water resources,%,0.12574454,0.12574454,0.12574454,0.12574454,0.12574454,0.12574454,0.12574454,0.12574454,,,,"https://api.data.apps.fao.org/api/v2/bigquery?sql_url=https://data.apps.fao.org/catalog/dataset/945666e6-7803-4621-b8ef-cfd885a84596/resource/4a000a1b-24f0-4328-aab6-b9b525892090/download/query_en.sql&area=Africa&type=all&variable=4016&year=2015,2016,2017,2018,2019,2020,2021,2022",FAO AQUASTAT
Lesotho,"Climate - Sustainable Agric,Landuse, Water & Oceans",Water use,Pressure on water resources,SDG 6.4.1. Industrial Water Use Efficiency,US$/m3,33.78986271,31.31640443,27.597108198,30.756058099,29.450844189,27.688092948,29.709258575,27.971967991,,,,"https://api.data.apps.fao.org/api/v2/bigquery?sql_url=https://data.apps.fao.org/catalog/dataset/945666e6-7803-4621-b8ef-cfd885a84596/resource/4a000a1b-24f0-4328-aab6-b9b525892090/download/query_en.sql&area=Africa&type=all&variable=4016&year=2015,2016,2017,2018,2019,2020,2021,2022",FAO AQUASTAT
Lesotho,"Climate - Sustainable Agric,Landuse, Water & Oceans",Water use,Pressure on water resources,SDG 6.4.1. Irrigated Agriculture Water Use Efficiency,US$/m3,0.013768491,0.018573829,0.018135291,0.015297245,0.015839805,0.017434154,0.019966384,0.020631974,,,,"https://api.data.apps.fao.org/api/v2/bigquery?sql_url=https://data.apps.fao.org/catalog/dataset/945666e6-7803-4621-b8ef-cfd885a84596/resource/4a000a1b-24f0-4328-aab6-b9b525892090/download/query_en.sql&area=Africa&type=all&variable=4016&year=2015,2016,2017,2018,2019,2020,2021,2022",FAO AQUASTAT
Lesotho,"Climate - Sustainable Agric,Landuse, Water & Oceans",Water use,Pressure on water resources,SDG 6.4.1. Services Water Use Efficiency,US$/m3,66.81461935,71.283597713,70.782737308,66.729295899,66.167491959,60.576945823,59.098939444,60.056807813,,,,"https://api.data.apps.fao.org/api/v2/bigquery?sql_url=https://data.apps.fao.org/catalog/dataset/945666e6-7803-4621-b8ef-cfd885a84596/resource/4a000a1b-24f0-4328-aab6-b9b525892090/download/query_en.sql&area=Africa&type=all&variable=4016&year=2015,2016,2017,2018,2019,2020,2021,2022",FAO AQUASTAT
Lesotho,"Climate - Sustainable Agric,Landuse, Water & Oceans",Water use,Pressure on water resources,SDG 6.4.1. Water Use Efficiency,US$/m3,45.939314189,46.850927475,44.923877266,44.515187431,43.662714936,40.305183224,40.553420837,40.197578027,,,,"https://api.data.apps.fao.org/api/v2/bigquery?sql_url=https://data.apps.fao.org/catalog/dataset/945666e6-7803-4621-b8ef-cfd885a84596/resource/4a000a1b-24f0-4328-aab6-b9b525892090/download/query_en.sql&area=Africa&type=all&variable=4016&year=2015,2016,2017,2018,2019,2020,2021,2022",FAO AQUASTAT
Lesotho,"Climate - Sustainable Agric,Landuse, Water & Oceans",Water use,Pressure on water resources,SDG 6.4.2. Agricultural Sector Contribution to Water Stress,%,0.222612771,0.222612771,0.222612771,0.222612771,0.222612771,0.222612771,0.222612771,0.222612771,,,,"https://api.data.apps.fao.org/api/v2/bigquery?sql_url=https://data.apps.fao.org/catalog/dataset/945666e6-7803-4621-b8ef-cfd885a84596/resource/4a000a1b-24f0-4328-aab6-b9b525892090/download/query_en.sql&area=Africa&type=all&variable=4016&year=2015,2016,2017,2018,2019,2020,2021,2022",FAO AQUASTAT
Lesotho,"Climate - Sustainable Agric,Landuse, Water & Oceans",Water use,Pressure on water resources,SDG 6.4.2. Industrial Sector Contribution to Water Stress,%,1.171646163,1.171646163,1.171646163,1.171646163,1.171646163,1.171646163,1.171646163,1.171646163,,,,"https://api.data.apps.fao.org/api/v2/bigquery?sql_url=https://data.apps.fao.org/catalog/dataset/945666e6-7803-4621-b8ef-cfd885a84596/resource/4a000a1b-24f0-4328-aab6-b9b525892090/download/query_en.sql&area=Africa&type=all&variable=4016&year=2015,2016,2017,2018,2019,2020,2021,2022",FAO AQUASTAT
Lesotho,"Climate - Sustainable Agric,Landuse, Water & Oceans",Water use,Pressure on water resources,SDG 6.4.2. Municipal Sector Contribution to Water Stress,%,1.171646163,1.171646163,1.171646163,1.171646163,1.171646163,1.171646163,1.171646163,1.171646163,,,,"https://api.data.apps.fao.org/api/v2/bigquery?sql_url=https://data.apps.fao.org/catalog/dataset/945666e6-7803-4621-b8ef-cfd885a84596/resource/4a000a1b-24f0-4328-aab6-b9b525892090/download/query_en.sql&area=Africa&type=all&variable=4016&year=2015,2016,2017,2018,2019,2020,2021,2022",FAO AQUASTAT
Lesotho,"Climate - Sustainable Agric,Landuse, Water & Oceans",Water use,Pressure on water resources,SDG 6.4.2. Water Stress,%,2.565905097,2.565905097,2.565905097,2.565905097,2.565905097,2.565905097,2.565905097,2.565905097,,,,"https://api.data.apps.fao.org/api/v2/bigquery?sql_url=https://data.apps.fao.org/catalog/dataset/945666e6-7803-4621-b8ef-cfd885a84596/resource/4a000a1b-24f0-4328-aab6-b9b525892090/download/query_en.sql&area=Africa&type=all&variable=4016&year=2015,2016,2017,2018,2019,2020,2021,2022",FAO AQUASTAT
Liberia,"Climate - Sustainable Agric,Landuse, Water & Oceans",Water use,Pressure on water resources,Agricultural water withdrawal as % of total renewable water resources,%,0.005301724,0.005301724,0.005301724,0.005301724,0.005301724,0.005301724,0.005301724,0.005301724,,,,"https://api.data.apps.fao.org/api/v2/bigquery?sql_url=https://data.apps.fao.org/catalog/dataset/945666e6-7803-4621-b8ef-cfd885a84596/resource/4a000a1b-24f0-4328-aab6-b9b525892090/download/query_en.sql&area=Africa&type=all&variable=4016&year=2015,2016,2017,2018,2019,2020,2021,2022",FAO AQUASTAT
Liberia,"Climate - Sustainable Agric,Landuse, Water & Oceans",Water use,Pressure on water resources,SDG 6.4.1. Industrial Water Use Efficiency,US$/m3,4.283073352,3.255596353,3.645521218,4.037889308,3.787376695,3.595903643,3.740833669,3.999279218,,,,"https://api.data.apps.fao.org/api/v2/bigquery?sql_url=https://data.apps.fao.org/catalog/dataset/945666e6-7803-4621-b8ef-cfd885a84596/resource/4a000a1b-24f0-4328-aab6-b9b525892090/download/query_en.sql&area=Africa&type=all&variable=4016&year=2015,2016,2017,2018,2019,2020,2021,2022",FAO AQUASTAT
Liberia,"Climate - Sustainable Agric,Landuse, Water & Oceans",Water use,Pressure on water resources,SDG 6.4.1. Irrigated Agriculture Water Use Efficiency,US$/m3,0.036942975,0.039781601,0.040620333,0.041318677,0.042367104,0.044816494,0.042706228,0.045089986,,,,"https://api.data.apps.fao.org/api/v2/bigquery?sql_url=https://data.apps.fao.org/catalog/dataset/945666e6-7803-4621-b8ef-cfd885a84596/resource/4a000a1b-24f0-4328-aab6-b9b525892090/download/query_en.sql&area=Africa&type=all&variable=4016&year=2015,2016,2017,2018,2019,2020,2021,2022",FAO AQUASTAT
Liberia,"Climate - Sustainable Agric,Landuse, Water & Oceans",Water use,Pressure on water resources,SDG 6.4.1. Services Water Use Efficiency,US$/m3,5.850809202,5.460067029,5.400753905,5.719147603,5.442196622,5.357927282,5.593310785,5.851378854,,,,"https://api.data.apps.fao.org/api/v2/bigquery?sql_url=https://data.apps.fao.org/catalog/dataset/945666e6-7803-4621-b8ef-cfd885a84596/resource/4a000a1b-24f0-4328-aab6-b9b525892090/download/query_en.sql&area=Africa&type=all&variable=4016&year=2015,2016,2017,2018,2019,2020,2021,2022",FAO AQUASTAT
Liberia,"Climate - Sustainable Agric,Landuse, Water & Oceans",Water use,Pressure on water resources,SDG 6.4.1. Water Use Efficiency,US$/m3,4.786877406,4.196268229,4.306449118,4.625134658,4.381296779,4.265101203,4.447356611,4.684007548,,,,"https://api.data.apps.fao.org/api/v2/bigquery?sql_url=https://data.apps.fao.org/catalog/dataset/945666e6-7803-4621-b8ef-cfd885a84596/resource/4a000a1b-24f0-4328-aab6-b9b525892090/download/query_en.sql&area=Africa&type=all&variable=4016&year=2015,2016,2017,2018,2019,2020,2021,2022",FAO AQUASTAT
Liberia,"Climate - Sustainable Agric,Landuse, Water & Oceans",Water use,Pressure on water resources,SDG 6.4.2. Agricultural Sector Contribution to Water Stress,%,0.022282609,0.022282609,0.022282609,0.022282609,0.022282609,0.022282609,0.022282609,0.022282609,,,,"https://api.data.apps.fao.org/api/v2/bigquery?sql_url=https://data.apps.fao.org/catalog/dataset/945666e6-7803-4621-b8ef-cfd885a84596/resource/4a000a1b-24f0-4328-aab6-b9b525892090/download/query_en.sql&area=Africa&type=all&variable=4016&year=2015,2016,2017,2018,2019,2020,2021,2022",FAO AQUASTAT
Liberia,"Climate - Sustainable Agric,Landuse, Water & Oceans",Water use,Pressure on water resources,SDG 6.4.2. Industrial Sector Contribution to Water Stress,%,0.09673913,0.09673913,0.09673913,0.09673913,0.09673913,0.09673913,0.09673913,0.09673913,,,,"https://api.data.apps.fao.org/api/v2/bigquery?sql_url=https://data.apps.fao.org/catalog/dataset/945666e6-7803-4621-b8ef-cfd885a84596/resource/4a000a1b-24f0-4328-aab6-b9b525892090/download/query_en.sql&area=Africa&type=all&variable=4016&year=2015,2016,2017,2018,2019,2020,2021,2022",FAO AQUASTAT
Liberia,"Climate - Sustainable Agric,Landuse, Water & Oceans",Water use,Pressure on water resources,SDG 6.4.2. Municipal Sector Contribution to Water Stress,%,0.145289855,0.145289855,0.145289855,0.145289855,0.145289855,0.145289855,0.145289855,0.145289855,,,,"https://api.data.apps.fao.org/api/v2/bigquery?sql_url=https://data.apps.fao.org/catalog/dataset/945666e6-7803-4621-b8ef-cfd885a84596/resource/4a000a1b-24f0-4328-aab6-b9b525892090/download/query_en.sql&area=Africa&type=all&variable=4016&year=2015,2016,2017,2018,2019,2020,2021,2022",FAO AQUASTAT
Liberia,"Climate - Sustainable Agric,Landuse, Water & Oceans",Water use,Pressure on water resources,SDG 6.4.2. Water Stress,%,0.264311594,0.264311594,0.264311594,0.264311594,0.264311594,0.264311594,0.264311594,0.264311594,,,,"https://api.data.apps.fao.org/api/v2/bigquery?sql_url=https://data.apps.fao.org/catalog/dataset/945666e6-7803-4621-b8ef-cfd885a84596/resource/4a000a1b-24f0-4328-aab6-b9b525892090/download/query_en.sql&area=Africa&type=all&variable=4016&year=2015,2016,2017,2018,2019,2020,2021,2022",FAO AQUASTAT
Libya,"Climate - Sustainable Agric,Landuse, Water & Oceans",Water use,Pressure on water resources,Agricultural water withdrawal as % of total renewable water resources,%,692.857142857,692.857142857,692.857142857,692.857142857,692.857142857,692.857142857,692.857142857,692.857142857,,,,"https://api.data.apps.fao.org/api/v2/bigquery?sql_url=https://data.apps.fao.org/catalog/dataset/945666e6-7803-4621-b8ef-cfd885a84596/resource/4a000a1b-24f0-4328-aab6-b9b525892090/download/query_en.sql&area=Africa&type=all&variable=4016&year=2015,2016,2017,2018,2019,2020,2021,2022",FAO AQUASTAT
Libya,"Climate - Sustainable Agric,Landuse, Water & Oceans",Water use,Pressure on water resources,SDG 6.4.1. Industrial Water Use Efficiency,US$/m3,54.858995675,39.390617349,83.371768604,116.798142493,100.380113905,66.767387697,90.106769337,72.388537909,,,,"https://api.data.apps.fao.org/api/v2/bigquery?sql_url=https://data.apps.fao.org/catalog/dataset/945666e6-7803-4621-b8ef-cfd885a84596/resource/4a000a1b-24f0-4328-aab6-b9b525892090/download/query_en.sql&area=Africa&type=all&variable=4016&year=2015,2016,2017,2018,2019,2020,2021,2022",FAO AQUASTAT
Libya,"Climate - Sustainable Agric,Landuse, Water & Oceans",Water use,Pressure on water resources,SDG 6.4.1. Irrigated Agriculture Water Use Efficiency,US$/m3,0.17097227,0.177081157,0.197123971,0.200991237,0.199392815,0.133252572,0.170948095,0.141826866,,,,"https://api.data.apps.fao.org/api/v2/bigquery?sql_url=https://data.apps.fao.org/catalog/dataset/945666e6-7803-4621-b8ef-cfd885a84596/resource/4a000a1b-24f0-4328-aab6-b9b525892090/download/query_en.sql&area=Africa&type=all&variable=4016&year=2015,2016,2017,2018,2019,2020,2021,2022",FAO AQUASTAT
Libya,"Climate - Sustainable Agric,Landuse, Water & Oceans",Water use,Pressure on water resources,SDG 6.4.1. Services Water Use Efficiency,US$/m3,52.716102113,55.487849361,60.253272245,55.404924988,50.461694782,37.006465874,45.882638628,37.748224851,,,,"https://api.data.apps.fao.org/api/v2/bigquery?sql_url=https://data.apps.fao.org/catalog/dataset/945666e6-7803-4621-b8ef-cfd885a84596/resource/4a000a1b-24f0-4328-aab6-b9b525892090/download/query_en.sql&area=Africa&type=all&variable=4016&year=2015,2016,2017,2018,2019,2020,2021,2022",FAO AQUASTAT
Libya,"Climate - Sustainable Agric,Landuse, Water & Oceans",Water use,Pressure on water resources,SDG 6.4.1. Water Use Efficiency,US$/m3,9.106519001,8.701494172,11.402647863,12.429114046,11.045741577,7.760835273,9.978874908,8.12699971,,,,"https://api.data.apps.fao.org/api/v2/bigquery?sql_url=https://data.apps.fao.org/catalog/dataset/945666e6-7803-4621-b8ef-cfd885a84596/resource/4a000a1b-24f0-4328-aab6-b9b525892090/download/query_en.sql&area=Africa&type=all&variable=4016&year=2015,2016,2017,2018,2019,2020,2021,2022",FAO AQUASTAT
Libya,"Climate - Sustainable Agric,Landuse, Water & Oceans",Water use,Pressure on water resources,SDG 6.4.2. Agricultural Sector Contribution to Water Stress,%,679.784366577,679.784366577,679.784366577,679.784366577,679.784366577,679.784366577,679.784366577,679.784366577,,,,"https://api.data.apps.fao.org/api/v2/bigquery?sql_url=https://data.apps.fao.org/catalog/dataset/945666e6-7803-4621-b8ef-cfd885a84596/resource/4a000a1b-24f0-4328-aab6-b9b525892090/download/query_en.sql&area=Africa&type=all&variable=4016&year=2015,2016,2017,2018,2019,2020,2021,2022",FAO AQUASTAT
Libya,"Climate - Sustainable Agric,Landuse, Water & Oceans",Water use,Pressure on water resources,SDG 6.4.2. Industrial Sector Contribution to Water Stress,%,39.245283019,39.245283019,39.245283019,39.245283019,39.245283019,39.245283019,39.245283019,39.245283019,,,,"https://api.data.apps.fao.org/api/v2/bigquery?sql_url=https://data.apps.fao.org/catalog/dataset/945666e6-7803-4621-b8ef-cfd885a84596/resource/4a000a1b-24f0-4328-aab6-b9b525892090/download/query_en.sql&area=Africa&type=all&variable=4016&year=2015,2016,2017,2018,2019,2020,2021,2022",FAO AQUASTAT
Libya,"Climate - Sustainable Agric,Landuse, Water & Oceans",Water use,Pressure on water resources,SDG 6.4.2. Municipal Sector Contribution to Water Stress,%,98.113207547,98.113207547,98.113207547,98.113207547,98.113207547,98.113207547,98.113207547,98.113207547,,,,"https://api.data.apps.fao.org/api/v2/bigquery?sql_url=https://data.apps.fao.org/catalog/dataset/945666e6-7803-4621-b8ef-cfd885a84596/resource/4a000a1b-24f0-4328-aab6-b9b525892090/download/query_en.sql&area=Africa&type=all&variable=4016&year=2015,2016,2017,2018,2019,2020,2021,2022",FAO AQUASTAT
Libya,"Climate - Sustainable Agric,Landuse, Water & Oceans",Water use,Pressure on water resources,SDG 6.4.2. Water Stress,%,817.142857143,817.142857143,817.142857143,817.142857143,817.142857143,817.142857143,817.142857143,817.142857143,,,,"https://api.data.apps.fao.org/api/v2/bigquery?sql_url=https://data.apps.fao.org/catalog/dataset/945666e6-7803-4621-b8ef-cfd885a84596/resource/4a000a1b-24f0-4328-aab6-b9b525892090/download/query_en.sql&area=Africa&type=all&variable=4016&year=2015,2016,2017,2018,2019,2020,2021,2022",FAO AQUASTAT
Madagascar,"Climate - Sustainable Agric,Landuse, Water & Oceans",Water use,Pressure on water resources,Agricultural water withdrawal as % of total renewable water resources,%,3.857566766,3.857566766,3.857566766,3.857566766,3.857566766,3.857566766,3.857566766,3.857566766,,,,"https://api.data.apps.fao.org/api/v2/bigquery?sql_url=https://data.apps.fao.org/catalog/dataset/945666e6-7803-4621-b8ef-cfd885a84596/resource/4a000a1b-24f0-4328-aab6-b9b525892090/download/query_en.sql&area=Africa&type=all&variable=4016&year=2015,2016,2017,2018,2019,2020,2021,2022",FAO AQUASTAT
Madagascar,"Climate - Sustainable Agric,Landuse, Water & Oceans",Water use,Pressure on water resources,SDG 6.4.1. Industrial Water Use Efficiency,US$/m3,12.609904787,13.45621435,14.535487709,16.147840658,17.648415636,14.100239684,16.768118207,17.930289744,,,,"https://api.data.apps.fao.org/api/v2/bigquery?sql_url=https://data.apps.fao.org/catalog/dataset/945666e6-7803-4621-b8ef-cfd885a84596/resource/4a000a1b-24f0-4328-aab6-b9b525892090/download/query_en.sql&area=Africa&type=all&variable=4016&year=2015,2016,2017,2018,2019,2020,2021,2022",FAO AQUASTAT
Madagascar,"Climate - Sustainable Agric,Landuse, Water & Oceans",Water use,Pressure on water resources,SDG 6.4.1. Irrigated Agriculture Water Use Efficiency,US$/m3,0.102054469,0.103615278,0.105191414,0.106001409,0.10598161,0.107695454,0.105117327,0.105384675,,,,"https://api.data.apps.fao.org/api/v2/bigquery?sql_url=https://data.apps.fao.org/catalog/dataset/945666e6-7803-4621-b8ef-cfd885a84596/resource/4a000a1b-24f0-4328-aab6-b9b525892090/download/query_en.sql&area=Africa&type=all&variable=4016&year=2015,2016,2017,2018,2019,2020,2021,2022",FAO AQUASTAT
Madagascar,"Climate - Sustainable Agric,Landuse, Water & Oceans",Water use,Pressure on water resources,SDG 6.4.1. Services Water Use Efficiency,US$/m3,14.817079491,15.477443471,16.090372221,15.833160051,16.885370159,15.638165097,16.488511491,16.61069566,,,,"https://api.data.apps.fao.org/api/v2/bigquery?sql_url=https://data.apps.fao.org/catalog/dataset/945666e6-7803-4621-b8ef-cfd885a84596/resource/4a000a1b-24f0-4328-aab6-b9b525892090/download/query_en.sql&area=Africa&type=all&variable=4016&year=2015,2016,2017,2018,2019,2020,2021,2022",FAO AQUASTAT
Madagascar,"Climate - Sustainable Agric,Landuse, Water & Oceans",Water use,Pressure on water resources,SDG 6.4.1. Water Use Efficiency,US$/m3,0.680170104,0.711014309,0.743273232,0.755810837,0.804369777,0.727300852,0.781465204,0.799160536,,,,"https://api.data.apps.fao.org/api/v2/bigquery?sql_url=https://data.apps.fao.org/catalog/dataset/945666e6-7803-4621-b8ef-cfd885a84596/resource/4a000a1b-24f0-4328-aab6-b9b525892090/download/query_en.sql&area=Africa&type=all&variable=4016&year=2015,2016,2017,2018,2019,2020,2021,2022",FAO AQUASTAT
Madagascar,"Climate - Sustainable Agric,Landuse, Water & Oceans",Water use,Pressure on water resources,SDG 6.4.2. Agricultural Sector Contribution to Water Stress,%,10.798898095,10.798898095,10.798898095,10.798898095,10.798898095,10.798898095,10.798898095,10.798898095,,,,"https://api.data.apps.fao.org/api/v2/bigquery?sql_url=https://data.apps.fao.org/catalog/dataset/945666e6-7803-4621-b8ef-cfd885a84596/resource/4a000a1b-24f0-4328-aab6-b9b525892090/download/query_en.sql&area=Africa&type=all&variable=4016&year=2015,2016,2017,2018,2019,2020,2021,2022",FAO AQUASTAT
Madagascar,"Climate - Sustainable Agric,Landuse, Water & Oceans",Water use,Pressure on water resources,SDG 6.4.2. Industrial Sector Contribution to Water Stress,%,0.134487815,0.134487815,0.134487815,0.134487815,0.134487815,0.134487815,0.134487815,0.134487815,,,,"https://api.data.apps.fao.org/api/v2/bigquery?sql_url=https://data.apps.fao.org/catalog/dataset/945666e6-7803-4621-b8ef-cfd885a84596/resource/4a000a1b-24f0-4328-aab6-b9b525892090/download/query_en.sql&area=Africa&type=all&variable=4016&year=2015,2016,2017,2018,2019,2020,2021,2022",FAO AQUASTAT
Madagascar,"Climate - Sustainable Agric,Landuse, Water & Oceans",Water use,Pressure on water resources,SDG 6.4.2. Municipal Sector Contribution to Water Stress,%,0.328120365,0.328120365,0.328120365,0.328120365,0.328120365,0.328120365,0.328120365,0.328120365,,,,"https://api.data.apps.fao.org/api/v2/bigquery?sql_url=https://data.apps.fao.org/catalog/dataset/945666e6-7803-4621-b8ef-cfd885a84596/resource/4a000a1b-24f0-4328-aab6-b9b525892090/download/query_en.sql&area=Africa&type=all&variable=4016&year=2015,2016,2017,2018,2019,2020,2021,2022",FAO AQUASTAT
Madagascar,"Climate - Sustainable Agric,Landuse, Water & Oceans",Water use,Pressure on water resources,SDG 6.4.2. Water Stress,%,11.261506276,11.261506276,11.261506276,11.261506276,11.261506276,11.261506276,11.261506276,11.261506276,,,,"https://api.data.apps.fao.org/api/v2/bigquery?sql_url=https://data.apps.fao.org/catalog/dataset/945666e6-7803-4621-b8ef-cfd885a84596/resource/4a000a1b-24f0-4328-aab6-b9b525892090/download/query_en.sql&area=Africa&type=all&variable=4016&year=2015,2016,2017,2018,2019,2020,2021,2022",FAO AQUASTAT
Malawi,"Climate - Sustainable Agric,Landuse, Water & Oceans",Water use,Pressure on water resources,Agricultural water withdrawal as % of total renewable water resources,%,6.747685185,6.747685185,6.747685185,6.747685185,6.747685185,6.747685185,6.747685185,6.747685185,,,,"https://api.data.apps.fao.org/api/v2/bigquery?sql_url=https://data.apps.fao.org/catalog/dataset/945666e6-7803-4621-b8ef-cfd885a84596/resource/4a000a1b-24f0-4328-aab6-b9b525892090/download/query_en.sql&area=Africa&type=all&variable=4016&year=2015,2016,2017,2018,2019,2020,2021,2022",FAO AQUASTAT
Malawi,"Climate - Sustainable Agric,Landuse, Water & Oceans",Water use,Pressure on water resources,SDG 6.4.1. Industrial Water Use Efficiency,US$/m3,25.627626981,28.020713497,30.8672875,32.928904901,34.990177144,36.32169625,37.22568662,34.848775441,,,,"https://api.data.apps.fao.org/api/v2/bigquery?sql_url=https://data.apps.fao.org/catalog/dataset/945666e6-7803-4621-b8ef-cfd885a84596/resource/4a000a1b-24f0-4328-aab6-b9b525892090/download/query_en.sql&area=Africa&type=all&variable=4016&year=2015,2016,2017,2018,2019,2020,2021,2022",FAO AQUASTAT
Malawi,"Climate - Sustainable Agric,Landuse, Water & Oceans",Water use,Pressure on water resources,SDG 6.4.1. Irrigated Agriculture Water Use Efficiency,US$/m3,0.05411126,0.055762836,0.061017689,0.060737058,0.068847164,0.076453812,0.081519293,0.102427448,,,,"https://api.data.apps.fao.org/api/v2/bigquery?sql_url=https://data.apps.fao.org/catalog/dataset/945666e6-7803-4621-b8ef-cfd885a84596/resource/4a000a1b-24f0-4328-aab6-b9b525892090/download/query_en.sql&area=Africa&type=all&variable=4016&year=2015,2016,2017,2018,2019,2020,2021,2022",FAO AQUASTAT
Malawi,"Climate - Sustainable Agric,Landuse, Water & Oceans",Water use,Pressure on water resources,SDG 6.4.1. Services Water Use Efficiency,US$/m3,30.802563788,34.145499271,38.196155078,40.355115527,41.931961145,40.702956322,41.832273827,41.479119405,,,,"https://api.data.apps.fao.org/api/v2/bigquery?sql_url=https://data.apps.fao.org/catalog/dataset/945666e6-7803-4621-b8ef-cfd885a84596/resource/4a000a1b-24f0-4328-aab6-b9b525892090/download/query_en.sql&area=Africa&type=all&variable=4016&year=2015,2016,2017,2018,2019,2020,2021,2022",FAO AQUASTAT
Malawi,"Climate - Sustainable Agric,Landuse, Water & Oceans",Water use,Pressure on water resources,SDG 6.4.1. Water Use Efficiency,US$/m3,4.196181024,4.634307522,5.166115884,5.466056313,5.711800474,5.635527053,5.790768818,5.687926724,,,,"https://api.data.apps.fao.org/api/v2/bigquery?sql_url=https://data.apps.fao.org/catalog/dataset/945666e6-7803-4621-b8ef-cfd885a84596/resource/4a000a1b-24f0-4328-aab6-b9b525892090/download/query_en.sql&area=Africa&type=all&variable=4016&year=2015,2016,2017,2018,2019,2020,2021,2022",FAO AQUASTAT
Malawi,"Climate - Sustainable Agric,Landuse, Water & Oceans",Water use,Pressure on water resources,SDG 6.4.2. Agricultural Sector Contribution to Water Stress,%,15.04322023,15.04322023,15.04322023,15.04322023,15.04322023,15.04322023,15.04322023,15.04322023,,,,"https://api.data.apps.fao.org/api/v2/bigquery?sql_url=https://data.apps.fao.org/catalog/dataset/945666e6-7803-4621-b8ef-cfd885a84596/resource/4a000a1b-24f0-4328-aab6-b9b525892090/download/query_en.sql&area=Africa&type=all&variable=4016&year=2015,2016,2017,2018,2019,2020,2021,2022",FAO AQUASTAT
Malawi,"Climate - Sustainable Agric,Landuse, Water & Oceans",Water use,Pressure on water resources,SDG 6.4.2. Industrial Sector Contribution to Water Stress,%,0.615404464,0.615404464,0.615404464,0.615404464,0.615404464,0.615404464,0.615404464,0.615404464,,,,"https://api.data.apps.fao.org/api/v2/bigquery?sql_url=https://data.apps.fao.org/catalog/dataset/945666e6-7803-4621-b8ef-cfd885a84596/resource/4a000a1b-24f0-4328-aab6-b9b525892090/download/query_en.sql&area=Africa&type=all&variable=4016&year=2015,2016,2017,2018,2019,2020,2021,2022",FAO AQUASTAT
Malawi,"Climate - Sustainable Agric,Landuse, Water & Oceans",Water use,Pressure on water resources,SDG 6.4.2. Municipal Sector Contribution to Water Stress,%,1.846213392,1.846213392,1.846213392,1.846213392,1.846213392,1.846213392,1.846213392,1.846213392,,,,"https://api.data.apps.fao.org/api/v2/bigquery?sql_url=https://data.apps.fao.org/catalog/dataset/945666e6-7803-4621-b8ef-cfd885a84596/resource/4a000a1b-24f0-4328-aab6-b9b525892090/download/query_en.sql&area=Africa&type=all&variable=4016&year=2015,2016,2017,2018,2019,2020,2021,2022",FAO AQUASTAT
Malawi,"Climate - Sustainable Agric,Landuse, Water & Oceans",Water use,Pressure on water resources,SDG 6.4.2. Water Stress,%,17.504838085,17.504838085,17.504838085,17.504838085,17.504838085,17.504838085,17.504838085,17.504838085,,,,"https://api.data.apps.fao.org/api/v2/bigquery?sql_url=https://data.apps.fao.org/catalog/dataset/945666e6-7803-4621-b8ef-cfd885a84596/resource/4a000a1b-24f0-4328-aab6-b9b525892090/download/query_en.sql&area=Africa&type=all&variable=4016&year=2015,2016,2017,2018,2019,2020,2021,2022",FAO AQUASTAT
Mali,"Climate - Sustainable Agric,Landuse, Water & Oceans",Water use,Pressure on water resources,Agricultural water withdrawal as % of total renewable water resources,%,4.229166667,4.229166667,4.229166667,4.229166667,4.229166667,4.229166667,4.229166667,4.229166667,,,,"https://api.data.apps.fao.org/api/v2/bigquery?sql_url=https://data.apps.fao.org/catalog/dataset/945666e6-7803-4621-b8ef-cfd885a84596/resource/4a000a1b-24f0-4328-aab6-b9b525892090/download/query_en.sql&area=Africa&type=all&variable=4016&year=2015,2016,2017,2018,2019,2020,2021,2022",FAO AQUASTAT
Mali,"Climate - Sustainable Agric,Landuse, Water & Oceans",Water use,Pressure on water resources,SDG 6.4.1. Industrial Water Use Efficiency,US$/m3,581.634938,643.776213287,724.339182218,828.597857238,910.338390044,924.720898933,929.632411329,965.579065515,,,,"https://api.data.apps.fao.org/api/v2/bigquery?sql_url=https://data.apps.fao.org/catalog/dataset/945666e6-7803-4621-b8ef-cfd885a84596/resource/4a000a1b-24f0-4328-aab6-b9b525892090/download/query_en.sql&area=Africa&type=all&variable=4016&year=2015,2016,2017,2018,2019,2020,2021,2022",FAO AQUASTAT
Mali,"Climate - Sustainable Agric,Landuse, Water & Oceans",Water use,Pressure on water resources,SDG 6.4.1. Irrigated Agriculture Water Use Efficiency,US$/m3,0.036715565,0.039599863,0.042283888,0.045399009,0.047846751,0.046714503,0.047709682,0.052293628,,,,"https://api.data.apps.fao.org/api/v2/bigquery?sql_url=https://data.apps.fao.org/catalog/dataset/945666e6-7803-4621-b8ef-cfd885a84596/resource/4a000a1b-24f0-4328-aab6-b9b525892090/download/query_en.sql&area=Africa&type=all&variable=4016&year=2015,2016,2017,2018,2019,2020,2021,2022",FAO AQUASTAT
Mali,"Climate - Sustainable Agric,Landuse, Water & Oceans",Water use,Pressure on water resources,SDG 6.4.1. Services Water Use Efficiency,US$/m3,47.263509215,49.380255008,51.618904081,53.655274795,56.331998829,58.333420807,62.142620789,67.073007489,,,,"https://api.data.apps.fao.org/api/v2/bigquery?sql_url=https://data.apps.fao.org/catalog/dataset/945666e6-7803-4621-b8ef-cfd885a84596/resource/4a000a1b-24f0-4328-aab6-b9b525892090/download/query_en.sql&area=Africa&type=all&variable=4016&year=2015,2016,2017,2018,2019,2020,2021,2022",FAO AQUASTAT
Mali,"Climate - Sustainable Agric,Landuse, Water & Oceans",Water use,Pressure on water resources,SDG 6.4.1. Water Use Efficiency,US$/m3,1.459712058,1.554138342,1.665092595,1.790571887,1.911241747,1.962521351,2.045876726,2.179814544,,,,"https://api.data.apps.fao.org/api/v2/bigquery?sql_url=https://data.apps.fao.org/catalog/dataset/945666e6-7803-4621-b8ef-cfd885a84596/resource/4a000a1b-24f0-4328-aab6-b9b525892090/download/query_en.sql&area=Africa&type=all&variable=4016&year=2015,2016,2017,2018,2019,2020,2021,2022",FAO AQUASTAT
Mali,"Climate - Sustainable Agric,Landuse, Water & Oceans",Water use,Pressure on water resources,SDG 6.4.2. Agricultural Sector Contribution to Water Stress,%,7.831790124,7.831790124,7.831790124,7.831790124,7.831790124,7.831790124,7.831790124,7.831790124,,,,"https://api.data.apps.fao.org/api/v2/bigquery?sql_url=https://data.apps.fao.org/catalog/dataset/945666e6-7803-4621-b8ef-cfd885a84596/resource/4a000a1b-24f0-4328-aab6-b9b525892090/download/query_en.sql&area=Africa&type=all&variable=4016&year=2015,2016,2017,2018,2019,2020,2021,2022",FAO AQUASTAT
Mali,"Climate - Sustainable Agric,Landuse, Water & Oceans",Water use,Pressure on water resources,SDG 6.4.2. Industrial Sector Contribution to Water Stress,%,0.00617284,0.00617284,0.00617284,0.00617284,0.00617284,0.00617284,0.00617284,0.00617284,,,,"https://api.data.apps.fao.org/api/v2/bigquery?sql_url=https://data.apps.fao.org/catalog/dataset/945666e6-7803-4621-b8ef-cfd885a84596/resource/4a000a1b-24f0-4328-aab6-b9b525892090/download/query_en.sql&area=Africa&type=all&variable=4016&year=2015,2016,2017,2018,2019,2020,2021,2022",FAO AQUASTAT
Mali,"Climate - Sustainable Agric,Landuse, Water & Oceans",Water use,Pressure on water resources,SDG 6.4.2. Municipal Sector Contribution to Water Stress,%,0.165123457,0.165123457,0.165123457,0.165123457,0.165123457,0.165123457,0.165123457,0.165123457,,,,"https://api.data.apps.fao.org/api/v2/bigquery?sql_url=https://data.apps.fao.org/catalog/dataset/945666e6-7803-4621-b8ef-cfd885a84596/resource/4a000a1b-24f0-4328-aab6-b9b525892090/download/query_en.sql&area=Africa&type=all&variable=4016&year=2015,2016,2017,2018,2019,2020,2021,2022",FAO AQUASTAT
Mali,"Climate - Sustainable Agric,Landuse, Water & Oceans",Water use,Pressure on water resources,SDG 6.4.2. Water Stress,%,8.00308642,8.00308642,8.00308642,8.00308642,8.00308642,8.00308642,8.00308642,8.00308642,,,,"https://api.data.apps.fao.org/api/v2/bigquery?sql_url=https://data.apps.fao.org/catalog/dataset/945666e6-7803-4621-b8ef-cfd885a84596/resource/4a000a1b-24f0-4328-aab6-b9b525892090/download/query_en.sql&area=Africa&type=all&variable=4016&year=2015,2016,2017,2018,2019,2020,2021,2022",FAO AQUASTAT
Mauritania,"Climate - Sustainable Agric,Landuse, Water & Oceans",Water use,Pressure on water resources,Agricultural water withdrawal as % of total renewable water resources,%,10.728070175,10.728070175,10.728070175,10.728070175,10.728070175,10.728070175,10.728070175,10.728070175,,,,"https://api.data.apps.fao.org/api/v2/bigquery?sql_url=https://data.apps.fao.org/catalog/dataset/945666e6-7803-4621-b8ef-cfd885a84596/resource/4a000a1b-24f0-4328-aab6-b9b525892090/download/query_en.sql&area=Africa&type=all&variable=4016&year=2015,2016,2017,2018,2019,2020,2021,2022",FAO AQUASTAT
Mauritania,"Climate - Sustainable Agric,Landuse, Water & Oceans",Water use,Pressure on water resources,SDG 6.4.1. Industrial Water Use Efficiency,US$/m3,38.41006673,43.567840127,43.612203246,46.566366595,59.14605744,69.072042601,72.325097103,72.783579722,,,,"https://api.data.apps.fao.org/api/v2/bigquery?sql_url=https://data.apps.fao.org/catalog/dataset/945666e6-7803-4621-b8ef-cfd885a84596/resource/4a000a1b-24f0-4328-aab6-b9b525892090/download/query_en.sql&area=Africa&type=all&variable=4016&year=2015,2016,2017,2018,2019,2020,2021,2022",FAO AQUASTAT
Mauritania,"Climate - Sustainable Agric,Landuse, Water & Oceans",Water use,Pressure on water resources,SDG 6.4.1. Irrigated Agriculture Water Use Efficiency,US$/m3,0.263666946,0.28135308,0.312468846,0.340884616,0.328536418,0.29487469,0.286084259,0.308797931,,,,"https://api.data.apps.fao.org/api/v2/bigquery?sql_url=https://data.apps.fao.org/catalog/dataset/945666e6-7803-4621-b8ef-cfd885a84596/resource/4a000a1b-24f0-4328-aab6-b9b525892090/download/query_en.sql&area=Africa&type=all&variable=4016&year=2015,2016,2017,2018,2019,2020,2021,2022",FAO AQUASTAT
Mauritania,"Climate - Sustainable Agric,Landuse, Water & Oceans",Water use,Pressure on water resources,SDG 6.4.1. Services Water Use Efficiency,US$/m3,31.954714319,30.711116054,32.530787533,33.35608472,33.98262943,32.542605188,32.967302946,36.998695852,,,,"https://api.data.apps.fao.org/api/v2/bigquery?sql_url=https://data.apps.fao.org/catalog/dataset/945666e6-7803-4621-b8ef-cfd885a84596/resource/4a000a1b-24f0-4328-aab6-b9b525892090/download/query_en.sql&area=Africa&type=all&variable=4016&year=2015,2016,2017,2018,2019,2020,2021,2022",FAO AQUASTAT
Mauritania,"Climate - Sustainable Agric,Landuse, Water & Oceans",Water use,Pressure on water resources,SDG 6.4.1. Water Use Efficiency,US$/m3,3.401262437,3.450890687,3.608691003,3.762318786,4.091680872,4.193221179,4.291882564,4.608097533,,,,"https://api.data.apps.fao.org/api/v2/bigquery?sql_url=https://data.apps.fao.org/catalog/dataset/945666e6-7803-4621-b8ef-cfd885a84596/resource/4a000a1b-24f0-4328-aab6-b9b525892090/download/query_en.sql&area=Africa&type=all&variable=4016&year=2015,2016,2017,2018,2019,2020,2021,2022",FAO AQUASTAT
Mauritania,"Climate - Sustainable Agric,Landuse, Water & Oceans",Water use,Pressure on water resources,SDG 6.4.2. Agricultural Sector Contribution to Water Stress,%,11.998314173,11.998314173,11.998314173,11.998314173,11.998314173,11.998314173,11.998314173,11.998314173,,,,"https://api.data.apps.fao.org/api/v2/bigquery?sql_url=https://data.apps.fao.org/catalog/dataset/945666e6-7803-4621-b8ef-cfd885a84596/resource/4a000a1b-24f0-4328-aab6-b9b525892090/download/query_en.sql&area=Africa&type=all&variable=4016&year=2015,2016,2017,2018,2019,2020,2021,2022",FAO AQUASTAT
Mauritania,"Climate - Sustainable Agric,Landuse, Water & Oceans",Water use,Pressure on water resources,SDG 6.4.2. Industrial Sector Contribution to Water Stress,%,0.31197579,0.31197579,0.31197579,0.31197579,0.31197579,0.31197579,0.31197579,0.31197579,,,,"https://api.data.apps.fao.org/api/v2/bigquery?sql_url=https://data.apps.fao.org/catalog/dataset/945666e6-7803-4621-b8ef-cfd885a84596/resource/4a000a1b-24f0-4328-aab6-b9b525892090/download/query_en.sql&area=Africa&type=all&variable=4016&year=2015,2016,2017,2018,2019,2020,2021,2022",FAO AQUASTAT
Mauritania,"Climate - Sustainable Agric,Landuse, Water & Oceans",Water use,Pressure on water resources,SDG 6.4.2. Municipal Sector Contribution to Water Stress,%,0.935927369,0.935927369,0.935927369,0.935927369,0.935927369,0.935927369,0.935927369,0.935927369,,,,"https://api.data.apps.fao.org/api/v2/bigquery?sql_url=https://data.apps.fao.org/catalog/dataset/945666e6-7803-4621-b8ef-cfd885a84596/resource/4a000a1b-24f0-4328-aab6-b9b525892090/download/query_en.sql&area=Africa&type=all&variable=4016&year=2015,2016,2017,2018,2019,2020,2021,2022",FAO AQUASTAT
Mauritania,"Climate - Sustainable Agric,Landuse, Water & Oceans",Water use,Pressure on water resources,SDG 6.4.2. Water Stress,%,13.246217332,13.246217332,13.246217332,13.246217332,13.246217332,13.246217332,13.246217332,13.246217332,,,,"https://api.data.apps.fao.org/api/v2/bigquery?sql_url=https://data.apps.fao.org/catalog/dataset/945666e6-7803-4621-b8ef-cfd885a84596/resource/4a000a1b-24f0-4328-aab6-b9b525892090/download/query_en.sql&area=Africa&type=all&variable=4016&year=2015,2016,2017,2018,2019,2020,2021,2022",FAO AQUASTAT
Mauritius,"Climate - Sustainable Agric,Landuse, Water & Oceans",Water use,Pressure on water resources,Agricultural water withdrawal as % of total renewable water resources,%,12.468193384,12.977099237,12.504543802,11.050527081,10.941475827,11.086877499,10.941475827,11.014176663,,,,"https://api.data.apps.fao.org/api/v2/bigquery?sql_url=https://data.apps.fao.org/catalog/dataset/945666e6-7803-4621-b8ef-cfd885a84596/resource/4a000a1b-24f0-4328-aab6-b9b525892090/download/query_en.sql&area=Africa&type=all&variable=4016&year=2015,2016,2017,2018,2019,2020,2021,2022",FAO AQUASTAT
Mauritius,"Climate - Sustainable Agric,Landuse, Water & Oceans",Water use,Pressure on water resources,SDG 6.4.1. Industrial Water Use Efficiency,US$/m3,147.3346975,170.294509152,173.050718794,194.510487299,212.063792333,196.721199073,227.769208426,225.909385407,,,,"https://api.data.apps.fao.org/api/v2/bigquery?sql_url=https://data.apps.fao.org/catalog/dataset/945666e6-7803-4621-b8ef-cfd885a84596/resource/4a000a1b-24f0-4328-aab6-b9b525892090/download/query_en.sql&area=Africa&type=all&variable=4016&year=2015,2016,2017,2018,2019,2020,2021,2022",FAO AQUASTAT
Mauritius,"Climate - Sustainable Agric,Landuse, Water & Oceans",Water use,Pressure on water resources,SDG 6.4.1. Irrigated Agriculture Water Use Efficiency,US$/m3,0.332711512,0.33845179,0.346538802,0.365717599,0.36625531,0.362625501,0.385076766,0.403889788,,,,"https://api.data.apps.fao.org/api/v2/bigquery?sql_url=https://data.apps.fao.org/catalog/dataset/945666e6-7803-4621-b8ef-cfd885a84596/resource/4a000a1b-24f0-4328-aab6-b9b525892090/download/query_en.sql&area=Africa&type=all&variable=4016&year=2015,2016,2017,2018,2019,2020,2021,2022",FAO AQUASTAT
Mauritius,"Climate - Sustainable Agric,Landuse, Water & Oceans",Water use,Pressure on water resources,SDG 6.4.1. Services Water Use Efficiency,US$/m3,31.805714165,33.187314793,34.06780088,32.920182635,33.361221811,28.091996108,28.403843575,27.948379837,,,,"https://api.data.apps.fao.org/api/v2/bigquery?sql_url=https://data.apps.fao.org/catalog/dataset/945666e6-7803-4621-b8ef-cfd885a84596/resource/4a000a1b-24f0-4328-aab6-b9b525892090/download/query_en.sql&area=Africa&type=all&variable=4016&year=2015,2016,2017,2018,2019,2020,2021,2022",FAO AQUASTAT
Mauritius,"Climate - Sustainable Agric,Landuse, Water & Oceans",Water use,Pressure on water resources,SDG 6.4.1. Water Use Efficiency,US$/m3,16.809253147,17.082270448,17.943906173,19.297591998,19.741724802,16.677859252,17.429693945,17.890922603,,,,"https://api.data.apps.fao.org/api/v2/bigquery?sql_url=https://data.apps.fao.org/catalog/dataset/945666e6-7803-4621-b8ef-cfd885a84596/resource/4a000a1b-24f0-4328-aab6-b9b525892090/download/query_en.sql&area=Africa&type=all&variable=4016&year=2015,2016,2017,2018,2019,2020,2021,2022",FAO AQUASTAT
Mauritius,"Climate - Sustainable Agric,Landuse, Water & Oceans",Water use,Pressure on water resources,SDG 6.4.2. Agricultural Sector Contribution to Water Stress,%,12.468193384,12.852718094,12.382746298,10.957821317,10.88658548,11.068642503,10.923390743,10.9967767,,,,"https://api.data.apps.fao.org/api/v2/bigquery?sql_url=https://data.apps.fao.org/catalog/dataset/945666e6-7803-4621-b8ef-cfd885a84596/resource/4a000a1b-24f0-4328-aab6-b9b525892090/download/query_en.sql&area=Africa&type=all&variable=4016&year=2015,2016,2017,2018,2019,2020,2021,2022",FAO AQUASTAT
Mauritius,"Climate - Sustainable Agric,Landuse, Water & Oceans",Water use,Pressure on water resources,SDG 6.4.2. Industrial Sector Contribution to Water Stress,%,0.508905852,0.432024138,0.431956266,0.396500113,0.361680581,0.32661568,0.326613012,0.362929924,,,,"https://api.data.apps.fao.org/api/v2/bigquery?sql_url=https://data.apps.fao.org/catalog/dataset/945666e6-7803-4621-b8ef-cfd885a84596/resource/4a000a1b-24f0-4328-aab6-b9b525892090/download/query_en.sql&area=Africa&type=all&variable=4016&year=2015,2016,2017,2018,2019,2020,2021,2022",FAO AQUASTAT
Mauritius,"Climate - Sustainable Agric,Landuse, Water & Oceans",Water use,Pressure on water resources,SDG 6.4.2. Municipal Sector Contribution to Water Stress,%,9.269356598,9.252516947,9.359052434,10.128775625,10.380232667,10.66944556,10.705648735,11.613757571,,,,"https://api.data.apps.fao.org/api/v2/bigquery?sql_url=https://data.apps.fao.org/catalog/dataset/945666e6-7803-4621-b8ef-cfd885a84596/resource/4a000a1b-24f0-4328-aab6-b9b525892090/download/query_en.sql&area=Africa&type=all&variable=4016&year=2015,2016,2017,2018,2019,2020,2021,2022",FAO AQUASTAT
Mauritius,"Climate - Sustainable Agric,Landuse, Water & Oceans",Water use,Pressure on water resources,SDG 6.4.2. Water Stress,%,22.246455834,22.537259179,22.173754998,21.483097056,21.628498728,22.064703744,21.95565249,22.973464195,,,,"https://api.data.apps.fao.org/api/v2/bigquery?sql_url=https://data.apps.fao.org/catalog/dataset/945666e6-7803-4621-b8ef-cfd885a84596/resource/4a000a1b-24f0-4328-aab6-b9b525892090/download/query_en.sql&area=Africa&type=all&variable=4016&year=2015,2016,2017,2018,2019,2020,2021,2022",FAO AQUASTAT
Morocco,"Climate - Sustainable Agric,Landuse, Water & Oceans",Water use,Pressure on water resources,Agricultural water withdrawal as % of total renewable water resources,%,31.572413793,31.572413793,31.572413793,31.572413793,31.572413793,31.572413793,31.572413793,31.572413793,,,,"https://api.data.apps.fao.org/api/v2/bigquery?sql_url=https://data.apps.fao.org/catalog/dataset/945666e6-7803-4621-b8ef-cfd885a84596/resource/4a000a1b-24f0-4328-aab6-b9b525892090/download/query_en.sql&area=Africa&type=all&variable=4016&year=2015,2016,2017,2018,2019,2020,2021,2022",FAO AQUASTAT
Morocco,"Climate - Sustainable Agric,Landuse, Water & Oceans",Water use,Pressure on water resources,SDG 6.4.1. Industrial Water Use Efficiency,US$/m3,119.019333717,121.675438922,127.666187052,130.683306895,133.539723612,127.313929272,138.002170788,150.311547383,,,,"https://api.data.apps.fao.org/api/v2/bigquery?sql_url=https://data.apps.fao.org/catalog/dataset/945666e6-7803-4621-b8ef-cfd885a84596/resource/4a000a1b-24f0-4328-aab6-b9b525892090/download/query_en.sql&area=Africa&type=all&variable=4016&year=2015,2016,2017,2018,2019,2020,2021,2022",FAO AQUASTAT
Morocco,"Climate - Sustainable Agric,Landuse, Water & Oceans",Water use,Pressure on water resources,SDG 6.4.1. Irrigated Agriculture Water Use Efficiency,US$/m3,0.417681526,0.379043598,0.434733169,0.453615668,0.451813583,0.415836064,0.506016198,0.451873648,,,,"https://api.data.apps.fao.org/api/v2/bigquery?sql_url=https://data.apps.fao.org/catalog/dataset/945666e6-7803-4621-b8ef-cfd885a84596/resource/4a000a1b-24f0-4328-aab6-b9b525892090/download/query_en.sql&area=Africa&type=all&variable=4016&year=2015,2016,2017,2018,2019,2020,2021,2022",FAO AQUASTAT
Morocco,"Climate - Sustainable Agric,Landuse, Water & Oceans",Water use,Pressure on water resources,SDG 6.4.1. Services Water Use Efficiency,US$/m3,57.10081152,60.920161125,64.245981217,66.112018186,69.606229828,65.247998432,68.639719256,72.606750855,,,,"https://api.data.apps.fao.org/api/v2/bigquery?sql_url=https://data.apps.fao.org/catalog/dataset/945666e6-7803-4621-b8ef-cfd885a84596/resource/4a000a1b-24f0-4328-aab6-b9b525892090/download/query_en.sql&area=Africa&type=all&variable=4016&year=2015,2016,2017,2018,2019,2020,2021,2022",FAO AQUASTAT
Morocco,"Climate - Sustainable Agric,Landuse, Water & Oceans",Water use,Pressure on water resources,SDG 6.4.1. Water Use Efficiency,US$/m3,8.604597205,9.013886254,9.523451882,9.791510062,10.204069492,9.601818651,10.24384681,10.850769756,,,,"https://api.data.apps.fao.org/api/v2/bigquery?sql_url=https://data.apps.fao.org/catalog/dataset/945666e6-7803-4621-b8ef-cfd885a84596/resource/4a000a1b-24f0-4328-aab6-b9b525892090/download/query_en.sql&area=Africa&type=all&variable=4016&year=2015,2016,2017,2018,2019,2020,2021,2022",FAO AQUASTAT
Morocco,"Climate - Sustainable Agric,Landuse, Water & Oceans",Water use,Pressure on water resources,SDG 6.4.2. Agricultural Sector Contribution to Water Stress,%,44.547799564,44.547799564,44.547799564,44.547799564,44.547799564,44.547799564,44.547799564,44.547799564,,,,"https://api.data.apps.fao.org/api/v2/bigquery?sql_url=https://data.apps.fao.org/catalog/dataset/945666e6-7803-4621-b8ef-cfd885a84596/resource/4a000a1b-24f0-4328-aab6-b9b525892090/download/query_en.sql&area=Africa&type=all&variable=4016&year=2015,2016,2017,2018,2019,2020,2021,2022",FAO AQUASTAT
Morocco,"Climate - Sustainable Agric,Landuse, Water & Oceans",Water use,Pressure on water resources,SDG 6.4.2. Industrial Sector Contribution to Water Stress,%,1.031469365,1.031469365,1.031469365,1.031469365,1.031469365,1.031469365,1.031469365,1.031469365,,,,"https://api.data.apps.fao.org/api/v2/bigquery?sql_url=https://data.apps.fao.org/catalog/dataset/945666e6-7803-4621-b8ef-cfd885a84596/resource/4a000a1b-24f0-4328-aab6-b9b525892090/download/query_en.sql&area=Africa&type=all&variable=4016&year=2015,2016,2017,2018,2019,2020,2021,2022",FAO AQUASTAT
Morocco,"Climate - Sustainable Agric,Landuse, Water & Oceans",Water use,Pressure on water resources,SDG 6.4.2. Municipal Sector Contribution to Water Stress,%,5.171943091,5.171943091,5.171943091,5.171943091,5.171943091,5.171943091,5.171943091,5.171943091,,,,"https://api.data.apps.fao.org/api/v2/bigquery?sql_url=https://data.apps.fao.org/catalog/dataset/945666e6-7803-4621-b8ef-cfd885a84596/resource/4a000a1b-24f0-4328-aab6-b9b525892090/download/query_en.sql&area=Africa&type=all&variable=4016&year=2015,2016,2017,2018,2019,2020,2021,2022",FAO AQUASTAT
Morocco,"Climate - Sustainable Agric,Landuse, Water & Oceans",Water use,Pressure on water resources,SDG 6.4.2. Water Stress,%,50.751212019,50.751212019,50.751212019,50.751212019,50.751212019,50.751212019,50.751212019,50.751212019,,,,"https://api.data.apps.fao.org/api/v2/bigquery?sql_url=https://data.apps.fao.org/catalog/dataset/945666e6-7803-4621-b8ef-cfd885a84596/resource/4a000a1b-24f0-4328-aab6-b9b525892090/download/query_en.sql&area=Africa&type=all&variable=4016&year=2015,2016,2017,2018,2019,2020,2021,2022",FAO AQUASTAT
Mozambique,"Climate - Sustainable Agric,Landuse, Water & Oceans",Water use,Pressure on water resources,Agricultural water withdrawal as % of total renewable water resources,%,0.495624136,0.495624136,0.495624136,0.495624136,0.495624136,0.495624136,0.495624136,0.495624136,,,,"https://api.data.apps.fao.org/api/v2/bigquery?sql_url=https://data.apps.fao.org/catalog/dataset/945666e6-7803-4621-b8ef-cfd885a84596/resource/4a000a1b-24f0-4328-aab6-b9b525892090/download/query_en.sql&area=Africa&type=all&variable=4016&year=2015,2016,2017,2018,2019,2020,2021,2022",FAO AQUASTAT
Mozambique,"Climate - Sustainable Agric,Landuse, Water & Oceans",Water use,Pressure on water resources,SDG 6.4.1. Industrial Water Use Efficiency,US$/m3,102.16815924,123.106314349,144.645239227,161.642829667,155.965411073,137.909316869,143.825429242,157.250250729,,,,"https://api.data.apps.fao.org/api/v2/bigquery?sql_url=https://data.apps.fao.org/catalog/dataset/945666e6-7803-4621-b8ef-cfd885a84596/resource/4a000a1b-24f0-4328-aab6-b9b525892090/download/query_en.sql&area=Africa&type=all&variable=4016&year=2015,2016,2017,2018,2019,2020,2021,2022",FAO AQUASTAT
Mozambique,"Climate - Sustainable Agric,Landuse, Water & Oceans",Water use,Pressure on water resources,SDG 6.4.1. Irrigated Agriculture Water Use Efficiency,US$/m3,0.052154855,0.054745822,0.062011174,0.062861951,0.062373029,0.066866245,0.068488072,0.071026774,,,,"https://api.data.apps.fao.org/api/v2/bigquery?sql_url=https://data.apps.fao.org/catalog/dataset/945666e6-7803-4621-b8ef-cfd885a84596/resource/4a000a1b-24f0-4328-aab6-b9b525892090/download/query_en.sql&area=Africa&type=all&variable=4016&year=2015,2016,2017,2018,2019,2020,2021,2022",FAO AQUASTAT
Mozambique,"Climate - Sustainable Agric,Landuse, Water & Oceans",Water use,Pressure on water resources,SDG 6.4.1. Services Water Use Efficiency,US$/m3,21.559838557,21.513813668,20.314490485,20.500585524,21.417224292,21.213424275,20.905553863,22.578547271,,,,"https://api.data.apps.fao.org/api/v2/bigquery?sql_url=https://data.apps.fao.org/catalog/dataset/945666e6-7803-4621-b8ef-cfd885a84596/resource/4a000a1b-24f0-4328-aab6-b9b525892090/download/query_en.sql&area=Africa&type=all&variable=4016&year=2015,2016,2017,2018,2019,2020,2021,2022",FAO AQUASTAT
Mozambique,"Climate - Sustainable Agric,Landuse, Water & Oceans",Water use,Pressure on water resources,SDG 6.4.1. Water Use Efficiency,US$/m3,7.216960318,7.562595416,7.630580763,7.966685687,8.101463743,7.74682609,7.770668658,8.422878929,,,,"https://api.data.apps.fao.org/api/v2/bigquery?sql_url=https://data.apps.fao.org/catalog/dataset/945666e6-7803-4621-b8ef-cfd885a84596/resource/4a000a1b-24f0-4328-aab6-b9b525892090/download/query_en.sql&area=Africa&type=all&variable=4016&year=2015,2016,2017,2018,2019,2020,2021,2022",FAO AQUASTAT
Mozambique,"Climate - Sustainable Agric,Landuse, Water & Oceans",Water use,Pressure on water resources,SDG 6.4.2. Agricultural Sector Contribution to Water Stress,%,1.279429251,1.279429251,1.279429251,1.279429251,1.279429251,1.279429251,1.279429251,1.279429251,,,,"https://api.data.apps.fao.org/api/v2/bigquery?sql_url=https://data.apps.fao.org/catalog/dataset/945666e6-7803-4621-b8ef-cfd885a84596/resource/4a000a1b-24f0-4328-aab6-b9b525892090/download/query_en.sql&area=Africa&type=all&variable=4016&year=2015,2016,2017,2018,2019,2020,2021,2022",FAO AQUASTAT
Mozambique,"Climate - Sustainable Agric,Landuse, Water & Oceans",Water use,Pressure on water resources,SDG 6.4.2. Industrial Sector Contribution to Water Stress,%,0.029726516,0.029726516,0.029726516,0.029726516,0.029726516,0.029726516,0.029726516,0.029726516,,,,"https://api.data.apps.fao.org/api/v2/bigquery?sql_url=https://data.apps.fao.org/catalog/dataset/945666e6-7803-4621-b8ef-cfd885a84596/resource/4a000a1b-24f0-4328-aab6-b9b525892090/download/query_en.sql&area=Africa&type=all&variable=4016&year=2015,2016,2017,2018,2019,2020,2021,2022",FAO AQUASTAT
Mozambique,"Climate - Sustainable Agric,Landuse, Water & Oceans",Water use,Pressure on water resources,SDG 6.4.2. Municipal Sector Contribution to Water Stress,%,0.442330559,0.442330559,0.442330559,0.442330559,0.442330559,0.442330559,0.442330559,0.442330559,,,,"https://api.data.apps.fao.org/api/v2/bigquery?sql_url=https://data.apps.fao.org/catalog/dataset/945666e6-7803-4621-b8ef-cfd885a84596/resource/4a000a1b-24f0-4328-aab6-b9b525892090/download/query_en.sql&area=Africa&type=all&variable=4016&year=2015,2016,2017,2018,2019,2020,2021,2022",FAO AQUASTAT
Mozambique,"Climate - Sustainable Agric,Landuse, Water & Oceans",Water use,Pressure on water resources,SDG 6.4.2. Water Stress,%,1.751486326,1.751486326,1.751486326,1.751486326,1.751486326,1.751486326,1.751486326,1.751486326,,,,"https://api.data.apps.fao.org/api/v2/bigquery?sql_url=https://data.apps.fao.org/catalog/dataset/945666e6-7803-4621-b8ef-cfd885a84596/resource/4a000a1b-24f0-4328-aab6-b9b525892090/download/query_en.sql&area=Africa&type=all&variable=4016&year=2015,2016,2017,2018,2019,2020,2021,2022",FAO AQUASTAT
Namibia,"Climate - Sustainable Agric,Landuse, Water & Oceans",Water use,Pressure on water resources,Agricultural water withdrawal as % of total renewable water resources,%,0.503633175,0.503633175,0.503633175,0.503633175,0.503633175,0.503633175,0.503633175,0.503633175,,,,"https://api.data.apps.fao.org/api/v2/bigquery?sql_url=https://data.apps.fao.org/catalog/dataset/945666e6-7803-4621-b8ef-cfd885a84596/resource/4a000a1b-24f0-4328-aab6-b9b525892090/download/query_en.sql&area=Africa&type=all&variable=4016&year=2015,2016,2017,2018,2019,2020,2021,2022",FAO AQUASTAT
Namibia,"Climate - Sustainable Agric,Landuse, Water & Oceans",Water use,Pressure on water resources,SDG 6.4.1. Industrial Water Use Efficiency,US$/m3,176.664329248,164.15219945,150.760403346,154.122795363,154.094171989,131.58632477,124.790313396,149.538028491,,,,"https://api.data.apps.fao.org/api/v2/bigquery?sql_url=https://data.apps.fao.org/catalog/dataset/945666e6-7803-4621-b8ef-cfd885a84596/resource/4a000a1b-24f0-4328-aab6-b9b525892090/download/query_en.sql&area=Africa&type=all&variable=4016&year=2015,2016,2017,2018,2019,2020,2021,2022",FAO AQUASTAT
Namibia,"Climate - Sustainable Agric,Landuse, Water & Oceans",Water use,Pressure on water resources,SDG 6.4.1. Irrigated Agriculture Water Use Efficiency,US$/m3,0.061144546,0.061806169,0.069873804,0.071462054,0.064620005,0.07677288,0.082361782,0.077892865,,,,"https://api.data.apps.fao.org/api/v2/bigquery?sql_url=https://data.apps.fao.org/catalog/dataset/945666e6-7803-4621-b8ef-cfd885a84596/resource/4a000a1b-24f0-4328-aab6-b9b525892090/download/query_en.sql&area=Africa&type=all&variable=4016&year=2015,2016,2017,2018,2019,2020,2021,2022",FAO AQUASTAT
Namibia,"Climate - Sustainable Agric,Landuse, Water & Oceans",Water use,Pressure on water resources,SDG 6.4.1. Services Water Use Efficiency,US$/m3,111.437838712,115.542316736,117.746999541,119.74250829,121.095272355,113.93076151,105.812105119,106.532972066,,,,"https://api.data.apps.fao.org/api/v2/bigquery?sql_url=https://data.apps.fao.org/catalog/dataset/945666e6-7803-4621-b8ef-cfd885a84596/resource/4a000a1b-24f0-4328-aab6-b9b525892090/download/query_en.sql&area=Africa&type=all&variable=4016&year=2015,2016,2017,2018,2019,2020,2021,2022",FAO AQUASTAT
Namibia,"Climate - Sustainable Agric,Landuse, Water & Oceans",Water use,Pressure on water resources,SDG 6.4.1. Water Use Efficiency,US$/m3,34.873600769,34.866774409,34.366676027,34.821216167,34.917981465,60.426642434,68.626937328,33.279966376,,,,"https://api.data.apps.fao.org/api/v2/bigquery?sql_url=https://data.apps.fao.org/catalog/dataset/945666e6-7803-4621-b8ef-cfd885a84596/resource/4a000a1b-24f0-4328-aab6-b9b525892090/download/query_en.sql&area=Africa&type=all&variable=4016&year=2015,2016,2017,2018,2019,2020,2021,2022",FAO AQUASTAT
Namibia,"Climate - Sustainable Agric,Landuse, Water & Oceans",Water use,Pressure on water resources,SDG 6.4.2. Agricultural Sector Contribution to Water Stress,%,0.361644191,0.342391404,0.323048527,0.303614925,0.28586209,0.505430269,0.490259158,0.224940406,,,,"https://api.data.apps.fao.org/api/v2/bigquery?sql_url=https://data.apps.fao.org/catalog/dataset/945666e6-7803-4621-b8ef-cfd885a84596/resource/4a000a1b-24f0-4328-aab6-b9b525892090/download/query_en.sql&area=Africa&type=all&variable=4016&year=2015,2016,2017,2018,2019,2020,2021,2022",FAO AQUASTAT
Namibia,"Climate - Sustainable Agric,Landuse, Water & Oceans",Water use,Pressure on water resources,SDG 6.4.2. Industrial Sector Contribution to Water Stress,%,0.029804159,0.028508769,0.027173042,0.025796695,0.024531518,0.043803957,0.045391656,0.020826572,,,,"https://api.data.apps.fao.org/api/v2/bigquery?sql_url=https://data.apps.fao.org/catalog/dataset/945666e6-7803-4621-b8ef-cfd885a84596/resource/4a000a1b-24f0-4328-aab6-b9b525892090/download/query_en.sql&area=Africa&type=all&variable=4016&year=2015,2016,2017,2018,2019,2020,2021,2022",FAO AQUASTAT
Namibia,"Climate - Sustainable Agric,Landuse, Water & Oceans",Water use,Pressure on water resources,SDG 6.4.2. Municipal Sector Contribution to Water Stress,%,0.109238586,0.102027869,0.094947578,0.087998632,0.081688363,0.142372917,0.150170966,0.06890135,,,,"https://api.data.apps.fao.org/api/v2/bigquery?sql_url=https://data.apps.fao.org/catalog/dataset/945666e6-7803-4621-b8ef-cfd885a84596/resource/4a000a1b-24f0-4328-aab6-b9b525892090/download/query_en.sql&area=Africa&type=all&variable=4016&year=2015,2016,2017,2018,2019,2020,2021,2022",FAO AQUASTAT
Namibia,"Climate - Sustainable Agric,Landuse, Water & Oceans",Water use,Pressure on water resources,SDG 6.4.2. Water Stress,%,0.500686937,0.472928042,0.445169147,0.417410253,0.392081971,0.364466054,0.314668328,0.314668328,,,,"https://api.data.apps.fao.org/api/v2/bigquery?sql_url=https://data.apps.fao.org/catalog/dataset/945666e6-7803-4621-b8ef-cfd885a84596/resource/4a000a1b-24f0-4328-aab6-b9b525892090/download/query_en.sql&area=Africa&type=all&variable=4016&year=2015,2016,2017,2018,2019,2020,2021,2022",FAO AQUASTAT
Niger,"Climate - Sustainable Agric,Landuse, Water & Oceans",Water use,Pressure on water resources,Agricultural water withdrawal as % of total renewable water resources,%,4.475770925,4.511013216,4.012942731,6.488713656,6.90574743,6.90574743,6.90574743,6.90574743,,,,"https://api.data.apps.fao.org/api/v2/bigquery?sql_url=https://data.apps.fao.org/catalog/dataset/945666e6-7803-4621-b8ef-cfd885a84596/resource/4a000a1b-24f0-4328-aab6-b9b525892090/download/query_en.sql&area=Africa&type=all&variable=4016&year=2015,2016,2017,2018,2019,2020,2021,2022",FAO AQUASTAT
Niger,"Climate - Sustainable Agric,Landuse, Water & Oceans",Water use,Pressure on water resources,SDG 6.4.1. Industrial Water Use Efficiency,US$/m3,60.544832245,57.892817539,58.13129125,56.086272053,59.659796277,60.787429977,63.32137656,69.980274994,,,,"https://api.data.apps.fao.org/api/v2/bigquery?sql_url=https://data.apps.fao.org/catalog/dataset/945666e6-7803-4621-b8ef-cfd885a84596/resource/4a000a1b-24f0-4328-aab6-b9b525892090/download/query_en.sql&area=Africa&type=all&variable=4016&year=2015,2016,2017,2018,2019,2020,2021,2022",FAO AQUASTAT
Niger,"Climate - Sustainable Agric,Landuse, Water & Oceans",Water use,Pressure on water resources,SDG 6.4.1. Irrigated Agriculture Water Use Efficiency,US$/m3,0.002548721,0.002793212,0.00470404,0.003279637,0.003199935,0.003444776,0.003320021,0.003794751,,,,"https://api.data.apps.fao.org/api/v2/bigquery?sql_url=https://data.apps.fao.org/catalog/dataset/945666e6-7803-4621-b8ef-cfd885a84596/resource/4a000a1b-24f0-4328-aab6-b9b525892090/download/query_en.sql&area=Africa&type=all&variable=4016&year=2015,2016,2017,2018,2019,2020,2021,2022",FAO AQUASTAT
Niger,"Climate - Sustainable Agric,Landuse, Water & Oceans",Water use,Pressure on water resources,SDG 6.4.1. Services Water Use Efficiency,US$/m3,23.687724966,23.121771737,23.668055666,23.804408681,24.196567508,24.676798821,25.711364435,28.402059317,,,,"https://api.data.apps.fao.org/api/v2/bigquery?sql_url=https://data.apps.fao.org/catalog/dataset/945666e6-7803-4621-b8ef-cfd885a84596/resource/4a000a1b-24f0-4328-aab6-b9b525892090/download/query_en.sql&area=Africa&type=all&variable=4016&year=2015,2016,2017,2018,2019,2020,2021,2022",FAO AQUASTAT
Niger,"Climate - Sustainable Agric,Landuse, Water & Oceans",Water use,Pressure on water resources,SDG 6.4.1. Water Use Efficiency,US$/m3,3.43493309,3.487960082,4.005055389,2.672980874,2.705645942,2.758665682,2.873859084,3.175207893,,,,"https://api.data.apps.fao.org/api/v2/bigquery?sql_url=https://data.apps.fao.org/catalog/dataset/945666e6-7803-4621-b8ef-cfd885a84596/resource/4a000a1b-24f0-4328-aab6-b9b525892090/download/query_en.sql&area=Africa&type=all&variable=4016&year=2015,2016,2017,2018,2019,2020,2021,2022",FAO AQUASTAT
Niger,"Climate - Sustainable Agric,Landuse, Water & Oceans",Water use,Pressure on water resources,SDG 6.4.2. Agricultural Sector Contribution to Water Stress,%,6.501706485,6.552901024,5.829381399,9.425797782,10.031599829,10.031599829,10.031599829,10.031599829,,,,"https://api.data.apps.fao.org/api/v2/bigquery?sql_url=https://data.apps.fao.org/catalog/dataset/945666e6-7803-4621-b8ef-cfd885a84596/resource/4a000a1b-24f0-4328-aab6-b9b525892090/download/query_en.sql&area=Africa&type=all&variable=4016&year=2015,2016,2017,2018,2019,2020,2021,2022",FAO AQUASTAT
Niger,"Climate - Sustainable Agric,Landuse, Water & Oceans",Water use,Pressure on water resources,SDG 6.4.2. Industrial Sector Contribution to Water Stress,%,0.142491468,0.148037543,0.153609215,0.159257679,0.16490529,0.16490529,0.16490529,0.16490529,,,,"https://api.data.apps.fao.org/api/v2/bigquery?sql_url=https://data.apps.fao.org/catalog/dataset/945666e6-7803-4621-b8ef-cfd885a84596/resource/4a000a1b-24f0-4328-aab6-b9b525892090/download/query_en.sql&area=Africa&type=all&variable=4016&year=2015,2016,2017,2018,2019,2020,2021,2022",FAO AQUASTAT
Niger,"Climate - Sustainable Agric,Landuse, Water & Oceans",Water use,Pressure on water resources,SDG 6.4.2. Municipal Sector Contribution to Water Stress,%,0.700085324,0.752986348,0.763122867,0.788284983,0.824432594,0.824432594,0.824432594,0.824432594,,,,"https://api.data.apps.fao.org/api/v2/bigquery?sql_url=https://data.apps.fao.org/catalog/dataset/945666e6-7803-4621-b8ef-cfd885a84596/resource/4a000a1b-24f0-4328-aab6-b9b525892090/download/query_en.sql&area=Africa&type=all&variable=4016&year=2015,2016,2017,2018,2019,2020,2021,2022",FAO AQUASTAT
Niger,"Climate - Sustainable Agric,Landuse, Water & Oceans",Water use,Pressure on water resources,SDG 6.4.2. Water Stress,%,7.344283276,7.453924915,6.746113481,10.373340444,11.020937713,11.020937713,11.020937713,11.020937713,,,,"https://api.data.apps.fao.org/api/v2/bigquery?sql_url=https://data.apps.fao.org/catalog/dataset/945666e6-7803-4621-b8ef-cfd885a84596/resource/4a000a1b-24f0-4328-aab6-b9b525892090/download/query_en.sql&area=Africa&type=all&variable=4016&year=2015,2016,2017,2018,2019,2020,2021,2022",FAO AQUASTAT
Nigeria,"Climate - Sustainable Agric,Landuse, Water & Oceans",Water use,Pressure on water resources,Agricultural water withdrawal as % of total renewable water resources,%,1.925227114,1.925227114,1.925227114,1.925227114,1.925227114,1.925227114,1.925227114,1.925227114,,,,"https://api.data.apps.fao.org/api/v2/bigquery?sql_url=https://data.apps.fao.org/catalog/dataset/945666e6-7803-4621-b8ef-cfd885a84596/resource/4a000a1b-24f0-4328-aab6-b9b525892090/download/query_en.sql&area=Africa&type=all&variable=4016&year=2015,2016,2017,2018,2019,2020,2021,2022",FAO AQUASTAT
Nigeria,"Climate - Sustainable Agric,Landuse, Water & Oceans",Water use,Pressure on water resources,SDG 6.4.1. Industrial Water Use Efficiency,US$/m3,49.044694958,43.403765795,53.896777089,63.343385073,69.049451853,69.502094353,79.850514931,81.115575237,,,,"https://api.data.apps.fao.org/api/v2/bigquery?sql_url=https://data.apps.fao.org/catalog/dataset/945666e6-7803-4621-b8ef-cfd885a84596/resource/4a000a1b-24f0-4328-aab6-b9b525892090/download/query_en.sql&area=Africa&type=all&variable=4016&year=2015,2016,2017,2018,2019,2020,2021,2022",FAO AQUASTAT
Nigeria,"Climate - Sustainable Agric,Landuse, Water & Oceans",Water use,Pressure on water resources,SDG 6.4.1. Irrigated Agriculture Water Use Efficiency,US$/m3,0.211258102,0.211466964,0.211784933,0.219554782,0.231952355,0.251432333,0.252482626,0.264569234,,,,"https://api.data.apps.fao.org/api/v2/bigquery?sql_url=https://data.apps.fao.org/catalog/dataset/945666e6-7803-4621-b8ef-cfd885a84596/resource/4a000a1b-24f0-4328-aab6-b9b525892090/download/query_en.sql&area=Africa&type=all&variable=4016&year=2015,2016,2017,2018,2019,2020,2021,2022",FAO AQUASTAT
Nigeria,"Climate - Sustainable Agric,Landuse, Water & Oceans",Water use,Pressure on water resources,SDG 6.4.1. Services Water Use Efficiency,US$/m3,58.2,58.921928213,55.350107386,52.870008804,51.688446816,47.624973577,46.830484303,48.608939927,,,,"https://api.data.apps.fao.org/api/v2/bigquery?sql_url=https://data.apps.fao.org/catalog/dataset/945666e6-7803-4621-b8ef-cfd885a84596/resource/4a000a1b-24f0-4328-aab6-b9b525892090/download/query_en.sql&area=Africa&type=all&variable=4016&year=2015,2016,2017,2018,2019,2020,2021,2022",FAO AQUASTAT
Nigeria,"Climate - Sustainable Agric,Landuse, Water & Oceans",Water use,Pressure on water resources,SDG 6.4.1. Water Use Efficiency,US$/m3,31.145239097,30.546150206,30.767506123,31.264893189,31.695588332,30.146843723,31.458906824,32.376319155,,,,"https://api.data.apps.fao.org/api/v2/bigquery?sql_url=https://data.apps.fao.org/catalog/dataset/945666e6-7803-4621-b8ef-cfd885a84596/resource/4a000a1b-24f0-4328-aab6-b9b525892090/download/query_en.sql&area=Africa&type=all&variable=4016&year=2015,2016,2017,2018,2019,2020,2021,2022",FAO AQUASTAT
Nigeria,"Climate - Sustainable Agric,Landuse, Water & Oceans",Water use,Pressure on water resources,SDG 6.4.2. Agricultural Sector Contribution to Water Stress,%,4.270290659,4.270290659,4.270290659,4.270290659,4.270290659,4.270290659,4.270290659,4.270290659,,,,"https://api.data.apps.fao.org/api/v2/bigquery?sql_url=https://data.apps.fao.org/catalog/dataset/945666e6-7803-4621-b8ef-cfd885a84596/resource/4a000a1b-24f0-4328-aab6-b9b525892090/download/query_en.sql&area=Africa&type=all&variable=4016&year=2015,2016,2017,2018,2019,2020,2021,2022",FAO AQUASTAT
Nigeria,"Climate - Sustainable Agric,Landuse, Water & Oceans",Water use,Pressure on water resources,SDG 6.4.2. Industrial Sector Contribution to Water Stress,%,1.523255814,1.523255814,1.523255814,1.523255814,1.523255814,1.523255814,1.523255814,1.523255814,,,,"https://api.data.apps.fao.org/api/v2/bigquery?sql_url=https://data.apps.fao.org/catalog/dataset/945666e6-7803-4621-b8ef-cfd885a84596/resource/4a000a1b-24f0-4328-aab6-b9b525892090/download/query_en.sql&area=Africa&type=all&variable=4016&year=2015,2016,2017,2018,2019,2020,2021,2022",FAO AQUASTAT
Nigeria,"Climate - Sustainable Agric,Landuse, Water & Oceans",Water use,Pressure on water resources,SDG 6.4.2. Municipal Sector Contribution to Water Stress,%,3.875036896,3.875036896,3.875036896,3.875036896,3.875036896,3.875036896,3.875036896,3.875036896,,,,"https://api.data.apps.fao.org/api/v2/bigquery?sql_url=https://data.apps.fao.org/catalog/dataset/945666e6-7803-4621-b8ef-cfd885a84596/resource/4a000a1b-24f0-4328-aab6-b9b525892090/download/query_en.sql&area=Africa&type=all&variable=4016&year=2015,2016,2017,2018,2019,2020,2021,2022",FAO AQUASTAT
Nigeria,"Climate - Sustainable Agric,Landuse, Water & Oceans",Water use,Pressure on water resources,SDG 6.4.2. Water Stress,%,9.668217054,9.668217054,9.668217054,9.668217054,9.668217054,9.668217054,9.668217054,9.668217054,,,,"https://api.data.apps.fao.org/api/v2/bigquery?sql_url=https://data.apps.fao.org/catalog/dataset/945666e6-7803-4621-b8ef-cfd885a84596/resource/4a000a1b-24f0-4328-aab6-b9b525892090/download/query_en.sql&area=Africa&type=all&variable=4016&year=2015,2016,2017,2018,2019,2020,2021,2022",FAO AQUASTAT
Northern Africa,"Climate - Sustainable Agric,Landuse, Water & Oceans",Water use,Pressure on water resources,Agricultural water withdrawal as % of total renewable water resources,%,74.537225144,74.574015337,74.027381861,74.349870407,74.510958544,74.522557246,74.348576705,74.52188809,,,,"https://api.data.apps.fao.org/api/v2/bigquery?sql_url=https://data.apps.fao.org/catalog/dataset/945666e6-7803-4621-b8ef-cfd885a84596/resource/4a000a1b-24f0-4328-aab6-b9b525892090/download/query_en.sql&area=Africa&type=all&variable=4016&year=2015,2016,2017,2018,2019,2020,2021,2022",FAO AQUASTAT
Northern Africa,"Climate - Sustainable Agric,Landuse, Water & Oceans",Water use,Pressure on water resources,SDG 6.4.1. Industrial Water Use Efficiency,US$/m3,116.898255074,108.97397989,39.695029507,45.116456294,44.956004667,39.449035554,44.337424316,46.070861845,,,,"https://api.data.apps.fao.org/api/v2/bigquery?sql_url=https://data.apps.fao.org/catalog/dataset/945666e6-7803-4621-b8ef-cfd885a84596/resource/4a000a1b-24f0-4328-aab6-b9b525892090/download/query_en.sql&area=Africa&type=all&variable=4016&year=2015,2016,2017,2018,2019,2020,2021,2022",FAO AQUASTAT
Northern Africa,"Climate - Sustainable Agric,Landuse, Water & Oceans",Water use,Pressure on water resources,SDG 6.4.1. Irrigated Agriculture Water Use Efficiency,US$/m3,0.475330935,0.491673147,0.505409997,0.513149046,0.533894332,0.563481167,0.597704239,0.606228068,,,,"https://api.data.apps.fao.org/api/v2/bigquery?sql_url=https://data.apps.fao.org/catalog/dataset/945666e6-7803-4621-b8ef-cfd885a84596/resource/4a000a1b-24f0-4328-aab6-b9b525892090/download/query_en.sql&area=Africa&type=all&variable=4016&year=2015,2016,2017,2018,2019,2020,2021,2022",FAO AQUASTAT
Northern Africa,"Climate - Sustainable Agric,Landuse, Water & Oceans",Water use,Pressure on water resources,SDG 6.4.1. Services Water Use Efficiency,US$/m3,25.370594976,26.643380595,26.339769411,26.226540044,26.911135815,26.657929606,28.707803387,29.437623629,,,,"https://api.data.apps.fao.org/api/v2/bigquery?sql_url=https://data.apps.fao.org/catalog/dataset/945666e6-7803-4621-b8ef-cfd885a84596/resource/4a000a1b-24f0-4328-aab6-b9b525892090/download/query_en.sql&area=Africa&type=all&variable=4016&year=2015,2016,2017,2018,2019,2020,2021,2022",FAO AQUASTAT
Northern Africa,"Climate - Sustainable Agric,Landuse, Water & Oceans",Water use,Pressure on water resources,SDG 6.4.1. Water Use Efficiency,US$/m3,5.464234647,5.619754591,5.75301048,5.97209919,6.069011053,5.80424445,6.27852923,6.460145202,,,,"https://api.data.apps.fao.org/api/v2/bigquery?sql_url=https://data.apps.fao.org/catalog/dataset/945666e6-7803-4621-b8ef-cfd885a84596/resource/4a000a1b-24f0-4328-aab6-b9b525892090/download/query_en.sql&area=Africa&type=all&variable=4016&year=2015,2016,2017,2018,2019,2020,2021,2022",FAO AQUASTAT
Northern Africa,"Climate - Sustainable Agric,Landuse, Water & Oceans",Water use,Pressure on water resources,SDG 6.4.2. Agricultural Sector Contribution to Water Stress,%,89.5577268,89.366262299,98.703760918,99.165893482,99.40511601,99.670344286,99.426270383,99.62909084,,,,"https://api.data.apps.fao.org/api/v2/bigquery?sql_url=https://data.apps.fao.org/catalog/dataset/945666e6-7803-4621-b8ef-cfd885a84596/resource/4a000a1b-24f0-4328-aab6-b9b525892090/download/query_en.sql&area=Africa&type=all&variable=4016&year=2015,2016,2017,2018,2019,2020,2021,2022",FAO AQUASTAT
Northern Africa,"Climate - Sustainable Agric,Landuse, Water & Oceans",Water use,Pressure on water resources,SDG 6.4.2. Industrial Sector Contribution to Water Stress,%,1.591602509,1.625425786,5.574548015,5.543523436,5.570997743,5.586275428,5.579371895,5.555386172,,,,"https://api.data.apps.fao.org/api/v2/bigquery?sql_url=https://data.apps.fao.org/catalog/dataset/945666e6-7803-4621-b8ef-cfd885a84596/resource/4a000a1b-24f0-4328-aab6-b9b525892090/download/query_en.sql&area=Africa&type=all&variable=4016&year=2015,2016,2017,2018,2019,2020,2021,2022",FAO AQUASTAT
Northern Africa,"Climate - Sustainable Agric,Landuse, Water & Oceans",Water use,Pressure on water resources,SDG 6.4.2. Municipal Sector Contribution to Water Stress,%,13.53518197,13.807458754,15.968831699,16.013476237,16.005065218,16.035516434,15.715110043,15.805372891,,,,"https://api.data.apps.fao.org/api/v2/bigquery?sql_url=https://data.apps.fao.org/catalog/dataset/945666e6-7803-4621-b8ef-cfd885a84596/resource/4a000a1b-24f0-4328-aab6-b9b525892090/download/query_en.sql&area=Africa&type=all&variable=4016&year=2015,2016,2017,2018,2019,2020,2021,2022",FAO AQUASTAT
Northern Africa,"Climate - Sustainable Agric,Landuse, Water & Oceans",Water use,Pressure on water resources,SDG 6.4.2. Water Stress,%,104.684511279,104.799146839,120.247140632,120.722893154,120.98117897,121.292136148,120.720752334,120.989849891,,,,"https://api.data.apps.fao.org/api/v2/bigquery?sql_url=https://data.apps.fao.org/catalog/dataset/945666e6-7803-4621-b8ef-cfd885a84596/resource/4a000a1b-24f0-4328-aab6-b9b525892090/download/query_en.sql&area=Africa&type=all&variable=4016&year=2015,2016,2017,2018,2019,2020,2021,2022",FAO AQUASTAT
Rwanda,"Climate - Sustainable Agric,Landuse, Water & Oceans",Water use,Pressure on water resources,Agricultural water withdrawal as % of total renewable water resources,%,2.298377523,2.400474871,2.50257222,2.604669569,2.706766917,2.710526316,2.714285714,2.714285714,,,,"https://api.data.apps.fao.org/api/v2/bigquery?sql_url=https://data.apps.fao.org/catalog/dataset/945666e6-7803-4621-b8ef-cfd885a84596/resource/4a000a1b-24f0-4328-aab6-b9b525892090/download/query_en.sql&area=Africa&type=all&variable=4016&year=2015,2016,2017,2018,2019,2020,2021,2022",FAO AQUASTAT
Rwanda,"Climate - Sustainable Agric,Landuse, Water & Oceans",Water use,Pressure on water resources,SDG 6.4.1. Industrial Water Use Efficiency,US$/m3,105.519486231,112.32622926,128.890748583,150.843221779,193.247290529,184.209046427,226.296021403,262.613830998,,,,"https://api.data.apps.fao.org/api/v2/bigquery?sql_url=https://data.apps.fao.org/catalog/dataset/945666e6-7803-4621-b8ef-cfd885a84596/resource/4a000a1b-24f0-4328-aab6-b9b525892090/download/query_en.sql&area=Africa&type=all&variable=4016&year=2015,2016,2017,2018,2019,2020,2021,2022",FAO AQUASTAT
Rwanda,"Climate - Sustainable Agric,Landuse, Water & Oceans",Water use,Pressure on water resources,SDG 6.4.1. Irrigated Agriculture Water Use Efficiency,US$/m3,0.234422614,0.277045485,0.317937336,0.33785732,0.368468824,0.431750962,0.461496776,0.516290748,,,,"https://api.data.apps.fao.org/api/v2/bigquery?sql_url=https://data.apps.fao.org/catalog/dataset/945666e6-7803-4621-b8ef-cfd885a84596/resource/4a000a1b-24f0-4328-aab6-b9b525892090/download/query_en.sql&area=Africa&type=all&variable=4016&year=2015,2016,2017,2018,2019,2020,2021,2022",FAO AQUASTAT
Rwanda,"Climate - Sustainable Agric,Landuse, Water & Oceans",Water use,Pressure on water resources,SDG 6.4.1. Services Water Use Efficiency,US$/m3,23.944673402,23.710448138,22.537840012,23.931461196,24.596341673,22.606141988,25.581289376,26.66931497,,,,"https://api.data.apps.fao.org/api/v2/bigquery?sql_url=https://data.apps.fao.org/catalog/dataset/945666e6-7803-4621-b8ef-cfd885a84596/resource/4a000a1b-24f0-4328-aab6-b9b525892090/download/query_en.sql&area=Africa&type=all&variable=4016&year=2015,2016,2017,2018,2019,2020,2021,2022",FAO AQUASTAT
Rwanda,"Climate - Sustainable Agric,Landuse, Water & Oceans",Water use,Pressure on water resources,SDG 6.4.1. Water Use Efficiency,US$/m3,11.582598047,11.536739626,11.320049836,12.092327387,12.659475847,11.985261188,13.628290339,14.885959589,,,,"https://api.data.apps.fao.org/api/v2/bigquery?sql_url=https://data.apps.fao.org/catalog/dataset/945666e6-7803-4621-b8ef-cfd885a84596/resource/4a000a1b-24f0-4328-aab6-b9b525892090/download/query_en.sql&area=Africa&type=all&variable=4016&year=2015,2016,2017,2018,2019,2020,2021,2022",FAO AQUASTAT
Rwanda,"Climate - Sustainable Agric,Landuse, Water & Oceans",Water use,Pressure on water resources,SDG 6.4.2. Agricultural Sector Contribution to Water Stress,%,10.121993726,10.571627745,11.021261764,11.470895782,11.920529801,12.125932584,11.953642384,12.132648676,,,,"https://api.data.apps.fao.org/api/v2/bigquery?sql_url=https://data.apps.fao.org/catalog/dataset/945666e6-7803-4621-b8ef-cfd885a84596/resource/4a000a1b-24f0-4328-aab6-b9b525892090/download/query_en.sql&area=Africa&type=all&variable=4016&year=2015,2016,2017,2018,2019,2020,2021,2022",FAO AQUASTAT
Rwanda,"Climate - Sustainable Agric,Landuse, Water & Oceans",Water use,Pressure on water resources,SDG 6.4.2. Industrial Sector Contribution to Water Stress,%,0.430463576,0.405629139,0.380794702,0.355960265,0.331125828,0.336364288,0.331125828,0.336084451,,,,"https://api.data.apps.fao.org/api/v2/bigquery?sql_url=https://data.apps.fao.org/catalog/dataset/945666e6-7803-4621-b8ef-cfd885a84596/resource/4a000a1b-24f0-4328-aab6-b9b525892090/download/query_en.sql&area=Africa&type=all&variable=4016&year=2015,2016,2017,2018,2019,2020,2021,2022",FAO AQUASTAT
Rwanda,"Climate - Sustainable Agric,Landuse, Water & Oceans",Water use,Pressure on water resources,SDG 6.4.2. Municipal Sector Contribution to Water Stress,%,6.020813623,6.419583728,6.818353832,7.217123936,7.61589404,7.736378625,7.61589404,7.72994237,,,,"https://api.data.apps.fao.org/api/v2/bigquery?sql_url=https://data.apps.fao.org/catalog/dataset/945666e6-7803-4621-b8ef-cfd885a84596/resource/4a000a1b-24f0-4328-aab6-b9b525892090/download/query_en.sql&area=Africa&type=all&variable=4016&year=2015,2016,2017,2018,2019,2020,2021,2022",FAO AQUASTAT
Rwanda,"Climate - Sustainable Agric,Landuse, Water & Oceans",Water use,Pressure on water resources,SDG 6.4.2. Water Stress,%,16.573270926,17.396840612,18.220410297,19.043979983,20.198675497,20.198675497,20.198675497,20.198675497,,,,"https://api.data.apps.fao.org/api/v2/bigquery?sql_url=https://data.apps.fao.org/catalog/dataset/945666e6-7803-4621-b8ef-cfd885a84596/resource/4a000a1b-24f0-4328-aab6-b9b525892090/download/query_en.sql&area=Africa&type=all&variable=4016&year=2015,2016,2017,2018,2019,2020,2021,2022",FAO AQUASTAT
Sao Tome and Principe,"Climate - Sustainable Agric,Landuse, Water & Oceans",Water use,Pressure on water resources,Agricultural water withdrawal as % of total renewable water resources,%,,1.174311927,1.174311927,1.174311927,1.174311927,1.174311927,1.174311927,1.174311927,,,,"https://api.data.apps.fao.org/api/v2/bigquery?sql_url=https://data.apps.fao.org/catalog/dataset/945666e6-7803-4621-b8ef-cfd885a84596/resource/4a000a1b-24f0-4328-aab6-b9b525892090/download/query_en.sql&area=Africa&type=all&variable=4016&year=2015,2016,2017,2018,2019,2020,2021,2022",FAO AQUASTAT
Sao Tome and Principe,"Climate - Sustainable Agric,Landuse, Water & Oceans",Water use,Pressure on water resources,SDG 6.4.1. Industrial Water Use Efficiency,US$/m3,,75.722438965,80.002140431,70.867023067,68.69636455,70.12744064,73.240016469,72.3373631,,,,"https://api.data.apps.fao.org/api/v2/bigquery?sql_url=https://data.apps.fao.org/catalog/dataset/945666e6-7803-4621-b8ef-cfd885a84596/resource/4a000a1b-24f0-4328-aab6-b9b525892090/download/query_en.sql&area=Africa&type=all&variable=4016&year=2015,2016,2017,2018,2019,2020,2021,2022",FAO AQUASTAT
Sao Tome and Principe,"Climate - Sustainable Agric,Landuse, Water & Oceans",Water use,Pressure on water resources,SDG 6.4.1. Irrigated Agriculture Water Use Efficiency,US$/m3,,0.305929429,0.303244175,0.318961506,0.360420438,0.423055101,0.384069508,0.398196682,,,,"https://api.data.apps.fao.org/api/v2/bigquery?sql_url=https://data.apps.fao.org/catalog/dataset/945666e6-7803-4621-b8ef-cfd885a84596/resource/4a000a1b-24f0-4328-aab6-b9b525892090/download/query_en.sql&area=Africa&type=all&variable=4016&year=2015,2016,2017,2018,2019,2020,2021,2022",FAO AQUASTAT
Sao Tome and Principe,"Climate - Sustainable Agric,Landuse, Water & Oceans",Water use,Pressure on water resources,SDG 6.4.1. Services Water Use Efficiency,US$/m3,15.663995218,16.456410842,17.168948313,17.995622644,18.413104606,18.494646306,19.170729141,19.132852134,,,,"https://api.data.apps.fao.org/api/v2/bigquery?sql_url=https://data.apps.fao.org/catalog/dataset/945666e6-7803-4621-b8ef-cfd885a84596/resource/4a000a1b-24f0-4328-aab6-b9b525892090/download/query_en.sql&area=Africa&type=all&variable=4016&year=2015,2016,2017,2018,2019,2020,2021,2022",FAO AQUASTAT
Sao Tome and Principe,"Climate - Sustainable Agric,Landuse, Water & Oceans",Water use,Pressure on water resources,SDG 6.4.1. Water Use Efficiency,US$/m3,,7.216980345,7.534177881,7.707121791,7.851276764,7.940781801,8.205034417,8.187021499,,,,"https://api.data.apps.fao.org/api/v2/bigquery?sql_url=https://data.apps.fao.org/catalog/dataset/945666e6-7803-4621-b8ef-cfd885a84596/resource/4a000a1b-24f0-4328-aab6-b9b525892090/download/query_en.sql&area=Africa&type=all&variable=4016&year=2015,2016,2017,2018,2019,2020,2021,2022",FAO AQUASTAT
Sao Tome and Principe,"Climate - Sustainable Agric,Landuse, Water & Oceans",Water use,Pressure on water resources,SDG 6.4.2. Agricultural Sector Contribution to Water Stress,%,,1.174311927,1.174311927,1.174311927,1.174311927,1.174311927,1.174311927,1.174311927,,,,"https://api.data.apps.fao.org/api/v2/bigquery?sql_url=https://data.apps.fao.org/catalog/dataset/945666e6-7803-4621-b8ef-cfd885a84596/resource/4a000a1b-24f0-4328-aab6-b9b525892090/download/query_en.sql&area=Africa&type=all&variable=4016&year=2015,2016,2017,2018,2019,2020,2021,2022",FAO AQUASTAT
Sao Tome and Principe,"Climate - Sustainable Agric,Landuse, Water & Oceans",Water use,Pressure on water resources,SDG 6.4.2. Industrial Sector Contribution to Water Stress,%,,0.027522936,0.027522936,0.027522936,0.027522936,0.027522936,0.027522936,0.027522936,,,,"https://api.data.apps.fao.org/api/v2/bigquery?sql_url=https://data.apps.fao.org/catalog/dataset/945666e6-7803-4621-b8ef-cfd885a84596/resource/4a000a1b-24f0-4328-aab6-b9b525892090/download/query_en.sql&area=Africa&type=all&variable=4016&year=2015,2016,2017,2018,2019,2020,2021,2022",FAO AQUASTAT
Sao Tome and Principe,"Climate - Sustainable Agric,Landuse, Water & Oceans",Water use,Pressure on water resources,SDG 6.4.2. Municipal Sector Contribution to Water Stress,%,0.674311927,0.674311927,0.674311927,0.674311927,0.674311927,0.674311927,0.674311927,0.674311927,,,,"https://api.data.apps.fao.org/api/v2/bigquery?sql_url=https://data.apps.fao.org/catalog/dataset/945666e6-7803-4621-b8ef-cfd885a84596/resource/4a000a1b-24f0-4328-aab6-b9b525892090/download/query_en.sql&area=Africa&type=all&variable=4016&year=2015,2016,2017,2018,2019,2020,2021,2022",FAO AQUASTAT
Sao Tome and Principe,"Climate - Sustainable Agric,Landuse, Water & Oceans",Water use,Pressure on water resources,SDG 6.4.2. Water Stress,%,1.808536099,1.876146789,1.876146789,1.876146789,1.876146789,1.876146789,1.876146789,1.876146789,,,,"https://api.data.apps.fao.org/api/v2/bigquery?sql_url=https://data.apps.fao.org/catalog/dataset/945666e6-7803-4621-b8ef-cfd885a84596/resource/4a000a1b-24f0-4328-aab6-b9b525892090/download/query_en.sql&area=Africa&type=all&variable=4016&year=2015,2016,2017,2018,2019,2020,2021,2022",FAO AQUASTAT
Senegal,"Climate - Sustainable Agric,Landuse, Water & Oceans",Water use,Pressure on water resources,Agricultural water withdrawal as % of total renewable water resources,%,5.607330682,5.631052433,5.654774185,7.078989479,7.078989479,7.078989479,7.078989479,7.078989479,,,,"https://api.data.apps.fao.org/api/v2/bigquery?sql_url=https://data.apps.fao.org/catalog/dataset/945666e6-7803-4621-b8ef-cfd885a84596/resource/4a000a1b-24f0-4328-aab6-b9b525892090/download/query_en.sql&area=Africa&type=all&variable=4016&year=2015,2016,2017,2018,2019,2020,2021,2022",FAO AQUASTAT
Senegal,"Climate - Sustainable Agric,Landuse, Water & Oceans",Water use,Pressure on water resources,SDG 6.4.1. Industrial Water Use Efficiency,US$/m3,422.635216396,739.501171354,2490.31914462,3304.864002437,3430.90278278,3410.939755513,3798.13533213,3766.894777363,,,,"https://api.data.apps.fao.org/api/v2/bigquery?sql_url=https://data.apps.fao.org/catalog/dataset/945666e6-7803-4621-b8ef-cfd885a84596/resource/4a000a1b-24f0-4328-aab6-b9b525892090/download/query_en.sql&area=Africa&type=all&variable=4016&year=2015,2016,2017,2018,2019,2020,2021,2022",FAO AQUASTAT
Senegal,"Climate - Sustainable Agric,Landuse, Water & Oceans",Water use,Pressure on water resources,SDG 6.4.1. Irrigated Agriculture Water Use Efficiency,US$/m3,0.069349417,0.074122845,0.082403481,0.069937681,0.072718999,0.079891354,0.081531593,0.091569164,,,,"https://api.data.apps.fao.org/api/v2/bigquery?sql_url=https://data.apps.fao.org/catalog/dataset/945666e6-7803-4621-b8ef-cfd885a84596/resource/4a000a1b-24f0-4328-aab6-b9b525892090/download/query_en.sql&area=Africa&type=all&variable=4016&year=2015,2016,2017,2018,2019,2020,2021,2022",FAO AQUASTAT
Senegal,"Climate - Sustainable Agric,Landuse, Water & Oceans",Water use,Pressure on water resources,SDG 6.4.1. Services Water Use Efficiency,US$/m3,37.975958135,39.182582315,40.601715568,43.867059089,45.762229848,46.039634561,49.160798292,52.350989764,,,,"https://api.data.apps.fao.org/api/v2/bigquery?sql_url=https://data.apps.fao.org/catalog/dataset/945666e6-7803-4621-b8ef-cfd885a84596/resource/4a000a1b-24f0-4328-aab6-b9b525892090/download/query_en.sql&area=Africa&type=all&variable=4016&year=2015,2016,2017,2018,2019,2020,2021,2022",FAO AQUASTAT
Senegal,"Climate - Sustainable Agric,Landuse, Water & Oceans",Water use,Pressure on water resources,SDG 6.4.1. Water Use Efficiency,US$/m3,5.517373258,5.850204603,6.25423577,5.486236911,5.624217102,5.645397334,6.097594267,6.367760151,,,,"https://api.data.apps.fao.org/api/v2/bigquery?sql_url=https://data.apps.fao.org/catalog/dataset/945666e6-7803-4621-b8ef-cfd885a84596/resource/4a000a1b-24f0-4328-aab6-b9b525892090/download/query_en.sql&area=Africa&type=all&variable=4016&year=2015,2016,2017,2018,2019,2020,2021,2022",FAO AQUASTAT
Senegal,"Climate - Sustainable Agric,Landuse, Water & Oceans",Water use,Pressure on water resources,SDG 6.4.2. Agricultural Sector Contribution to Water Stress,%,11.616863562,11.666010233,11.705541021,14.656846747,14.862659151,14.862659151,14.862659151,14.862659151,,,,"https://api.data.apps.fao.org/api/v2/bigquery?sql_url=https://data.apps.fao.org/catalog/dataset/945666e6-7803-4621-b8ef-cfd885a84596/resource/4a000a1b-24f0-4328-aab6-b9b525892090/download/query_en.sql&area=Africa&type=all&variable=4016&year=2015,2016,2017,2018,2019,2020,2021,2022",FAO AQUASTAT
Senegal,"Climate - Sustainable Agric,Landuse, Water & Oceans",Water use,Pressure on water resources,SDG 6.4.2. Industrial Sector Contribution to Water Stress,%,0.04904793,0.029102411,0.009156891,0.007521938,0.007521938,0.007521938,0.007521938,0.007521938,,,,"https://api.data.apps.fao.org/api/v2/bigquery?sql_url=https://data.apps.fao.org/catalog/dataset/945666e6-7803-4621-b8ef-cfd885a84596/resource/4a000a1b-24f0-4328-aab6-b9b525892090/download/query_en.sql&area=Africa&type=all&variable=4016&year=2015,2016,2017,2018,2019,2020,2021,2022",FAO AQUASTAT
Senegal,"Climate - Sustainable Agric,Landuse, Water & Oceans",Water use,Pressure on water resources,SDG 6.4.2. Municipal Sector Contribution to Water Stress,%,1.319448447,1.380868615,1.441104958,1.421755717,1.406161985,1.406161985,1.406161985,1.406161985,,,,"https://api.data.apps.fao.org/api/v2/bigquery?sql_url=https://data.apps.fao.org/catalog/dataset/945666e6-7803-4621-b8ef-cfd885a84596/resource/4a000a1b-24f0-4328-aab6-b9b525892090/download/query_en.sql&area=Africa&type=all&variable=4016&year=2015,2016,2017,2018,2019,2020,2021,2022",FAO AQUASTAT
Senegal,"Climate - Sustainable Agric,Landuse, Water & Oceans",Water use,Pressure on water resources,SDG 6.4.2. Water Stress,%,12.98536654,13.075988323,13.155802871,16.086124402,16.276448698,16.276448698,16.276448698,16.276448698,,,,"https://api.data.apps.fao.org/api/v2/bigquery?sql_url=https://data.apps.fao.org/catalog/dataset/945666e6-7803-4621-b8ef-cfd885a84596/resource/4a000a1b-24f0-4328-aab6-b9b525892090/download/query_en.sql&area=Africa&type=all&variable=4016&year=2015,2016,2017,2018,2019,2020,2021,2022",FAO AQUASTAT
Seychelles,"Climate - Sustainable Agric,Landuse, Water & Oceans",Water use,Pressure on water resources,SDG 6.4.1. Industrial Water Use Efficiency,US$/m3,43.345990237,47.159369236,42.941927123,46.793879994,49.074176502,54.820033466,45.390950199,41.891519938,,,,"https://api.data.apps.fao.org/api/v2/bigquery?sql_url=https://data.apps.fao.org/catalog/dataset/945666e6-7803-4621-b8ef-cfd885a84596/resource/4a000a1b-24f0-4328-aab6-b9b525892090/download/query_en.sql&area=Africa&type=all&variable=4016&year=2015,2016,2017,2018,2019,2020,2021,2022",FAO AQUASTAT
Seychelles,"Climate - Sustainable Agric,Landuse, Water & Oceans",Water use,Pressure on water resources,SDG 6.4.1. Irrigated Agriculture Water Use Efficiency,US$/m3,3.113344449,3.276931384,3.884105852,4.016610812,4.332802942,3.666617825,4.070168182,4.349451674,,,,"https://api.data.apps.fao.org/api/v2/bigquery?sql_url=https://data.apps.fao.org/catalog/dataset/945666e6-7803-4621-b8ef-cfd885a84596/resource/4a000a1b-24f0-4328-aab6-b9b525892090/download/query_en.sql&area=Africa&type=all&variable=4016&year=2015,2016,2017,2018,2019,2020,2021,2022",FAO AQUASTAT
Seychelles,"Climate - Sustainable Agric,Landuse, Water & Oceans",Water use,Pressure on water resources,SDG 6.4.1. Services Water Use Efficiency,US$/m3,111.328719556,127.49004808,136.772710619,146.141118396,156.719969658,140.011012849,148.944018817,153.644467166,,,,"https://api.data.apps.fao.org/api/v2/bigquery?sql_url=https://data.apps.fao.org/catalog/dataset/945666e6-7803-4621-b8ef-cfd885a84596/resource/4a000a1b-24f0-4328-aab6-b9b525892090/download/query_en.sql&area=Africa&type=all&variable=4016&year=2015,2016,2017,2018,2019,2020,2021,2022",FAO AQUASTAT
Seychelles,"Climate - Sustainable Agric,Landuse, Water & Oceans",Water use,Pressure on water resources,SDG 6.4.1. Water Use Efficiency,US$/m3,85.363156854,97.048560151,102.01674554,109.248303597,116.851176662,107.42446707,110.704009597,112.839597574,,,,"https://api.data.apps.fao.org/api/v2/bigquery?sql_url=https://data.apps.fao.org/catalog/dataset/945666e6-7803-4621-b8ef-cfd885a84596/resource/4a000a1b-24f0-4328-aab6-b9b525892090/download/query_en.sql&area=Africa&type=all&variable=4016&year=2015,2016,2017,2018,2019,2020,2021,2022",FAO AQUASTAT
Sierra Leone,"Climate - Sustainable Agric,Landuse, Water & Oceans",Water use,Pressure on water resources,Agricultural water withdrawal as % of total renewable water resources,%,0.0285625,0.0285625,0.0285625,0.0285625,0.0285625,0.0285625,0.0285625,0.0285625,,,,"https://api.data.apps.fao.org/api/v2/bigquery?sql_url=https://data.apps.fao.org/catalog/dataset/945666e6-7803-4621-b8ef-cfd885a84596/resource/4a000a1b-24f0-4328-aab6-b9b525892090/download/query_en.sql&area=Africa&type=all&variable=4016&year=2015,2016,2017,2018,2019,2020,2021,2022",FAO AQUASTAT
Sierra Leone,"Climate - Sustainable Agric,Landuse, Water & Oceans",Water use,Pressure on water resources,SDG 6.4.1. Industrial Water Use Efficiency,US$/m3,3.226233708,5.330062275,4.165813971,4.456681047,4.906206339,4.500567832,5.333258899,6.11308021,,,,"https://api.data.apps.fao.org/api/v2/bigquery?sql_url=https://data.apps.fao.org/catalog/dataset/945666e6-7803-4621-b8ef-cfd885a84596/resource/4a000a1b-24f0-4328-aab6-b9b525892090/download/query_en.sql&area=Africa&type=all&variable=4016&year=2015,2016,2017,2018,2019,2020,2021,2022",FAO AQUASTAT
Sierra Leone,"Climate - Sustainable Agric,Landuse, Water & Oceans",Water use,Pressure on water resources,SDG 6.4.1. Irrigated Agriculture Water Use Efficiency,US$/m3,3.171736995,3.315040686,3.591558766,3.632213824,3.772464786,3.782950825,3.803268315,3.946908282,,,,"https://api.data.apps.fao.org/api/v2/bigquery?sql_url=https://data.apps.fao.org/catalog/dataset/945666e6-7803-4621-b8ef-cfd885a84596/resource/4a000a1b-24f0-4328-aab6-b9b525892090/download/query_en.sql&area=Africa&type=all&variable=4016&year=2015,2016,2017,2018,2019,2020,2021,2022",FAO AQUASTAT
Sierra Leone,"Climate - Sustainable Agric,Landuse, Water & Oceans",Water use,Pressure on water resources,SDG 6.4.1. Services Water Use Efficiency,US$/m3,13.067230883,13.417773047,13.540207183,14.208188304,15.18699184,14.082443561,15.290212172,15.570388297,,,,"https://api.data.apps.fao.org/api/v2/bigquery?sql_url=https://data.apps.fao.org/catalog/dataset/945666e6-7803-4621-b8ef-cfd885a84596/resource/4a000a1b-24f0-4328-aab6-b9b525892090/download/query_en.sql&area=Africa&type=all&variable=4016&year=2015,2016,2017,2018,2019,2020,2021,2022",FAO AQUASTAT
Sierra Leone,"Climate - Sustainable Agric,Landuse, Water & Oceans",Water use,Pressure on water resources,SDG 6.4.1. Water Use Efficiency,US$/m3,8.362238358,9.12671359,8.945805411,9.380051233,10.039831229,9.358216789,10.212152601,10.593603964,,,,"https://api.data.apps.fao.org/api/v2/bigquery?sql_url=https://data.apps.fao.org/catalog/dataset/945666e6-7803-4621-b8ef-cfd885a84596/resource/4a000a1b-24f0-4328-aab6-b9b525892090/download/query_en.sql&area=Africa&type=all&variable=4016&year=2015,2016,2017,2018,2019,2020,2021,2022",FAO AQUASTAT
Sierra Leone,"Climate - Sustainable Agric,Landuse, Water & Oceans",Water use,Pressure on water resources,SDG 6.4.2. Agricultural Sector Contribution to Water Stress,%,0.106775701,0.106775701,0.106775701,0.106775701,0.106775701,0.106775701,0.106775701,0.106775701,,,,"https://api.data.apps.fao.org/api/v2/bigquery?sql_url=https://data.apps.fao.org/catalog/dataset/945666e6-7803-4621-b8ef-cfd885a84596/resource/4a000a1b-24f0-4328-aab6-b9b525892090/download/query_en.sql&area=Africa&type=all&variable=4016&year=2015,2016,2017,2018,2019,2020,2021,2022",FAO AQUASTAT
Sierra Leone,"Climate - Sustainable Agric,Landuse, Water & Oceans",Water use,Pressure on water resources,SDG 6.4.2. Industrial Sector Contribution to Water Stress,%,0.129672897,0.129672897,0.129672897,0.129672897,0.129672897,0.129672897,0.129672897,0.129672897,,,,"https://api.data.apps.fao.org/api/v2/bigquery?sql_url=https://data.apps.fao.org/catalog/dataset/945666e6-7803-4621-b8ef-cfd885a84596/resource/4a000a1b-24f0-4328-aab6-b9b525892090/download/query_en.sql&area=Africa&type=all&variable=4016&year=2015,2016,2017,2018,2019,2020,2021,2022",FAO AQUASTAT
Sierra Leone,"Climate - Sustainable Agric,Landuse, Water & Oceans",Water use,Pressure on water resources,SDG 6.4.2. Municipal Sector Contribution to Water Stress,%,0.259345794,0.259345794,0.259345794,0.259345794,0.259345794,0.259345794,0.259345794,0.259345794,,,,"https://api.data.apps.fao.org/api/v2/bigquery?sql_url=https://data.apps.fao.org/catalog/dataset/945666e6-7803-4621-b8ef-cfd885a84596/resource/4a000a1b-24f0-4328-aab6-b9b525892090/download/query_en.sql&area=Africa&type=all&variable=4016&year=2015,2016,2017,2018,2019,2020,2021,2022",FAO AQUASTAT
Sierra Leone,"Climate - Sustainable Agric,Landuse, Water & Oceans",Water use,Pressure on water resources,SDG 6.4.2. Water Stress,%,0.495794393,0.495794393,0.495794393,0.495794393,0.495794393,0.495794393,0.495794393,0.495794393,,,,"https://api.data.apps.fao.org/api/v2/bigquery?sql_url=https://data.apps.fao.org/catalog/dataset/945666e6-7803-4621-b8ef-cfd885a84596/resource/4a000a1b-24f0-4328-aab6-b9b525892090/download/query_en.sql&area=Africa&type=all&variable=4016&year=2015,2016,2017,2018,2019,2020,2021,2022",FAO AQUASTAT
Somalia,"Climate - Sustainable Agric,Landuse, Water & Oceans",Water use,Pressure on water resources,Agricultural water withdrawal as % of total renewable water resources,%,22.319727891,22.319727891,22.319727891,22.319727891,22.319727891,22.319727891,22.319727891,22.319727891,,,,"https://api.data.apps.fao.org/api/v2/bigquery?sql_url=https://data.apps.fao.org/catalog/dataset/945666e6-7803-4621-b8ef-cfd885a84596/resource/4a000a1b-24f0-4328-aab6-b9b525892090/download/query_en.sql&area=Africa&type=all&variable=4016&year=2015,2016,2017,2018,2019,2020,2021,2022",FAO AQUASTAT
Somalia,"Climate - Sustainable Agric,Landuse, Water & Oceans",Water use,Pressure on water resources,SDG 6.4.1. Industrial Water Use Efficiency,US$/m3,209.2527084,245.32303887,267.535056104,275.881374305,286.050841982,278.501465131,287.820885221,294.847815148,,,,"https://api.data.apps.fao.org/api/v2/bigquery?sql_url=https://data.apps.fao.org/catalog/dataset/945666e6-7803-4621-b8ef-cfd885a84596/resource/4a000a1b-24f0-4328-aab6-b9b525892090/download/query_en.sql&area=Africa&type=all&variable=4016&year=2015,2016,2017,2018,2019,2020,2021,2022",FAO AQUASTAT
Somalia,"Climate - Sustainable Agric,Landuse, Water & Oceans",Water use,Pressure on water resources,SDG 6.4.1. Irrigated Agriculture Water Use Efficiency,US$/m3,0.140425731,0.163801356,0.179339513,0.184693435,0.191415493,0.186500543,0.19267593,0.197376345,,,,"https://api.data.apps.fao.org/api/v2/bigquery?sql_url=https://data.apps.fao.org/catalog/dataset/945666e6-7803-4621-b8ef-cfd885a84596/resource/4a000a1b-24f0-4328-aab6-b9b525892090/download/query_en.sql&area=Africa&type=all&variable=4016&year=2015,2016,2017,2018,2019,2020,2021,2022",FAO AQUASTAT
Somalia,"Climate - Sustainable Agric,Landuse, Water & Oceans",Water use,Pressure on water resources,SDG 6.4.1. Services Water Use Efficiency,US$/m3,126.6617272,147.6734298,161.75774074,166.651258816,172.645049925,168.236876404,173.81445678,178.04124683,,,,"https://api.data.apps.fao.org/api/v2/bigquery?sql_url=https://data.apps.fao.org/catalog/dataset/945666e6-7803-4621-b8ef-cfd885a84596/resource/4a000a1b-24f0-4328-aab6-b9b525892090/download/query_en.sql&area=Africa&type=all&variable=4016&year=2015,2016,2017,2018,2019,2020,2021,2022",FAO AQUASTAT
Somalia,"Climate - Sustainable Agric,Landuse, Water & Oceans",Water use,Pressure on water resources,SDG 6.4.1. Water Use Efficiency,US$/m3,0.842682883,0.983377736,1.07636421,1.109008729,1.149124216,1.119607143,1.15677027,1.184932117,,,,"https://api.data.apps.fao.org/api/v2/bigquery?sql_url=https://data.apps.fao.org/catalog/dataset/945666e6-7803-4621-b8ef-cfd885a84596/resource/4a000a1b-24f0-4328-aab6-b9b525892090/download/query_en.sql&area=Africa&type=all&variable=4016&year=2015,2016,2017,2018,2019,2020,2021,2022",FAO AQUASTAT
Somalia,"Climate - Sustainable Agric,Landuse, Water & Oceans",Water use,Pressure on water resources,SDG 6.4.2. Agricultural Sector Contribution to Water Stress,%,24.40130894,24.40130894,24.40130894,24.40130894,24.40130894,24.40130894,24.40130894,24.40130894,,,,"https://api.data.apps.fao.org/api/v2/bigquery?sql_url=https://data.apps.fao.org/catalog/dataset/945666e6-7803-4621-b8ef-cfd885a84596/resource/4a000a1b-24f0-4328-aab6-b9b525892090/download/query_en.sql&area=Africa&type=all&variable=4016&year=2015,2016,2017,2018,2019,2020,2021,2022",FAO AQUASTAT
Somalia,"Climate - Sustainable Agric,Landuse, Water & Oceans",Water use,Pressure on water resources,SDG 6.4.2. Industrial Sector Contribution to Water Stress,%,0.014874312,0.014874312,0.014874312,0.014874312,0.014874312,0.014874312,0.014874312,0.014874312,,,,"https://api.data.apps.fao.org/api/v2/bigquery?sql_url=https://data.apps.fao.org/catalog/dataset/945666e6-7803-4621-b8ef-cfd885a84596/resource/4a000a1b-24f0-4328-aab6-b9b525892090/download/query_en.sql&area=Africa&type=all&variable=4016&year=2015,2016,2017,2018,2019,2020,2021,2022",FAO AQUASTAT
Somalia,"Climate - Sustainable Agric,Landuse, Water & Oceans",Water use,Pressure on water resources,SDG 6.4.2. Municipal Sector Contribution to Water Stress,%,0.111557341,0.111557341,0.111557341,0.111557341,0.111557341,0.111557341,0.111557341,0.111557341,,,,"https://api.data.apps.fao.org/api/v2/bigquery?sql_url=https://data.apps.fao.org/catalog/dataset/945666e6-7803-4621-b8ef-cfd885a84596/resource/4a000a1b-24f0-4328-aab6-b9b525892090/download/query_en.sql&area=Africa&type=all&variable=4016&year=2015,2016,2017,2018,2019,2020,2021,2022",FAO AQUASTAT
Somalia,"Climate - Sustainable Agric,Landuse, Water & Oceans",Water use,Pressure on water resources,SDG 6.4.2. Water Stress,%,24.527740592,24.527740592,24.527740592,24.527740592,24.527740592,24.527740592,24.527740592,24.527740592,,,,"https://api.data.apps.fao.org/api/v2/bigquery?sql_url=https://data.apps.fao.org/catalog/dataset/945666e6-7803-4621-b8ef-cfd885a84596/resource/4a000a1b-24f0-4328-aab6-b9b525892090/download/query_en.sql&area=Africa&type=all&variable=4016&year=2015,2016,2017,2018,2019,2020,2021,2022",FAO AQUASTAT
South Africa,"Climate - Sustainable Agric,Landuse, Water & Oceans",Water use,Pressure on water resources,Agricultural water withdrawal as % of total renewable water resources,%,22.083739046,22.064264849,22.181110029,22.356377799,22.395326193,23.347614411,23.41187926,23.055501461,,,,"https://api.data.apps.fao.org/api/v2/bigquery?sql_url=https://data.apps.fao.org/catalog/dataset/945666e6-7803-4621-b8ef-cfd885a84596/resource/4a000a1b-24f0-4328-aab6-b9b525892090/download/query_en.sql&area=Africa&type=all&variable=4016&year=2015,2016,2017,2018,2019,2020,2021,2022",FAO AQUASTAT
South Africa,"Climate - Sustainable Agric,Landuse, Water & Oceans",Water use,Pressure on water resources,SDG 6.4.1. Industrial Water Use Efficiency,US$/m3,20.414961367,18.71513532,18.021409455,18.370036909,17.69947967,16.956339281,18.566593347,16.99997249,,,,"https://api.data.apps.fao.org/api/v2/bigquery?sql_url=https://data.apps.fao.org/catalog/dataset/945666e6-7803-4621-b8ef-cfd885a84596/resource/4a000a1b-24f0-4328-aab6-b9b525892090/download/query_en.sql&area=Africa&type=all&variable=4016&year=2015,2016,2017,2018,2019,2020,2021,2022",FAO AQUASTAT
South Africa,"Climate - Sustainable Agric,Landuse, Water & Oceans",Water use,Pressure on water resources,SDG 6.4.1. Irrigated Agriculture Water Use Efficiency,US$/m3,0.148822806,0.153894686,0.151385735,0.130340621,0.112541764,0.134414611,0.138984604,0.159182048,,,,"https://api.data.apps.fao.org/api/v2/bigquery?sql_url=https://data.apps.fao.org/catalog/dataset/945666e6-7803-4621-b8ef-cfd885a84596/resource/4a000a1b-24f0-4328-aab6-b9b525892090/download/query_en.sql&area=Africa&type=all&variable=4016&year=2015,2016,2017,2018,2019,2020,2021,2022",FAO AQUASTAT
South Africa,"Climate - Sustainable Agric,Landuse, Water & Oceans",Water use,Pressure on water resources,SDG 6.4.1. Services Water Use Efficiency,US$/m3,61.930294906,61.311783743,60.72917676,79.992369474,76.455869397,73.211517548,67.986269345,67.554240098,,,,"https://api.data.apps.fao.org/api/v2/bigquery?sql_url=https://data.apps.fao.org/catalog/dataset/945666e6-7803-4621-b8ef-cfd885a84596/resource/4a000a1b-24f0-4328-aab6-b9b525892090/download/query_en.sql&area=Africa&type=all&variable=4016&year=2015,2016,2017,2018,2019,2020,2021,2022",FAO AQUASTAT
South Africa,"Climate - Sustainable Agric,Landuse, Water & Oceans",Water use,Pressure on water resources,SDG 6.4.1. Water Use Efficiency,US$/m3,16.397500639,16.128073622,16.09125696,15.919369867,16.791164417,15.563627794,15.882434005,15.813304293,,,,"https://api.data.apps.fao.org/api/v2/bigquery?sql_url=https://data.apps.fao.org/catalog/dataset/945666e6-7803-4621-b8ef-cfd885a84596/resource/4a000a1b-24f0-4328-aab6-b9b525892090/download/query_en.sql&area=Africa&type=all&variable=4016&year=2015,2016,2017,2018,2019,2020,2021,2022",FAO AQUASTAT
South Africa,"Climate - Sustainable Agric,Landuse, Water & Oceans",Water use,Pressure on water resources,SDG 6.4.2. Agricultural Sector Contribution to Water Stress,%,36.311239193,36.260174491,36.471341659,36.370634385,38.966737654,40.632474699,41.020267254,40.151537534,,,,"https://api.data.apps.fao.org/api/v2/bigquery?sql_url=https://data.apps.fao.org/catalog/dataset/945666e6-7803-4621-b8ef-cfd885a84596/resource/4a000a1b-24f0-4328-aab6-b9b525892090/download/query_en.sql&area=Africa&type=all&variable=4016&year=2015,2016,2017,2018,2019,2020,2021,2022",FAO AQUASTAT
South Africa,"Climate - Sustainable Agric,Landuse, Water & Oceans",Water use,Pressure on water resources,SDG 6.4.2. Industrial Sector Contribution to Water Stress,%,11.495357029,12.609451676,13.128402177,12.894467068,14.400750872,13.860901902,14.207984765,15.654995967,,,,"https://api.data.apps.fao.org/api/v2/bigquery?sql_url=https://data.apps.fao.org/catalog/dataset/945666e6-7803-4621-b8ef-cfd885a84596/resource/4a000a1b-24f0-4328-aab6-b9b525892090/download/query_en.sql&area=Africa&type=all&variable=4016&year=2015,2016,2017,2018,2019,2020,2021,2022",FAO AQUASTAT
South Africa,"Climate - Sustainable Agric,Landuse, Water & Oceans",Water use,Pressure on water resources,SDG 6.4.2. Municipal Sector Contribution to Water Stress,%,11.943643932,12.097392725,12.455971822,9.495016659,10.673497705,10.540244917,11.6625581,11.788727466,,,,"https://api.data.apps.fao.org/api/v2/bigquery?sql_url=https://data.apps.fao.org/catalog/dataset/945666e6-7803-4621-b8ef-cfd885a84596/resource/4a000a1b-24f0-4328-aab6-b9b525892090/download/query_en.sql&area=Africa&type=all&variable=4016&year=2015,2016,2017,2018,2019,2020,2021,2022",FAO AQUASTAT
South Africa,"Climate - Sustainable Agric,Landuse, Water & Oceans",Water use,Pressure on water resources,SDG 6.4.2. Water Stress,%,59.750240154,60.967018892,62.055715658,62.888248479,64.040986231,65.033621518,66.890810118,67.595260967,,,,"https://api.data.apps.fao.org/api/v2/bigquery?sql_url=https://data.apps.fao.org/catalog/dataset/945666e6-7803-4621-b8ef-cfd885a84596/resource/4a000a1b-24f0-4328-aab6-b9b525892090/download/query_en.sql&area=Africa&type=all&variable=4016&year=2015,2016,2017,2018,2019,2020,2021,2022",FAO AQUASTAT
South Sudan,"Climate - Sustainable Agric,Landuse, Water & Oceans",Water use,Pressure on water resources,Agricultural water withdrawal as % of total renewable water resources,%,0.484848485,0.484848485,0.484848485,0.484848485,0.484848485,0.484848485,0.484848485,0.484848485,,,,"https://api.data.apps.fao.org/api/v2/bigquery?sql_url=https://data.apps.fao.org/catalog/dataset/945666e6-7803-4621-b8ef-cfd885a84596/resource/4a000a1b-24f0-4328-aab6-b9b525892090/download/query_en.sql&area=Africa&type=all&variable=4016&year=2015,2016,2017,2018,2019,2020,2021,2022",FAO AQUASTAT
South Sudan,"Climate - Sustainable Agric,Landuse, Water & Oceans",Water use,Pressure on water resources,SDG 6.4.1. Industrial Water Use Efficiency,US$/m3,11.459532676,10.839651154,11.756459917,13.009909628,14.174462497,10.18648683,13.917852851,16.489630461,,,,"https://api.data.apps.fao.org/api/v2/bigquery?sql_url=https://data.apps.fao.org/catalog/dataset/945666e6-7803-4621-b8ef-cfd885a84596/resource/4a000a1b-24f0-4328-aab6-b9b525892090/download/query_en.sql&area=Africa&type=all&variable=4016&year=2015,2016,2017,2018,2019,2020,2021,2022",FAO AQUASTAT
South Sudan,"Climate - Sustainable Agric,Landuse, Water & Oceans",Water use,Pressure on water resources,SDG 6.4.1. Irrigated Agriculture Water Use Efficiency,US$/m3,0.019773012,0.017492565,0.012587144,0.012381297,0.018442058,0.028924887,0.015388839,0.013333228,,,,"https://api.data.apps.fao.org/api/v2/bigquery?sql_url=https://data.apps.fao.org/catalog/dataset/945666e6-7803-4621-b8ef-cfd885a84596/resource/4a000a1b-24f0-4328-aab6-b9b525892090/download/query_en.sql&area=Africa&type=all&variable=4016&year=2015,2016,2017,2018,2019,2020,2021,2022",FAO AQUASTAT
South Sudan,"Climate - Sustainable Agric,Landuse, Water & Oceans",Water use,Pressure on water resources,SDG 6.4.1. Services Water Use Efficiency,US$/m3,17.149887762,15.920432038,14.146439,13.794589922,15.42443178,18.257744756,14.028341924,11.317360531,,,,"https://api.data.apps.fao.org/api/v2/bigquery?sql_url=https://data.apps.fao.org/catalog/dataset/945666e6-7803-4621-b8ef-cfd885a84596/resource/4a000a1b-24f0-4328-aab6-b9b525892090/download/query_en.sql&area=Africa&type=all&variable=4016&year=2015,2016,2017,2018,2019,2020,2021,2022",FAO AQUASTAT
South Sudan,"Climate - Sustainable Agric,Landuse, Water & Oceans",Water use,Pressure on water resources,SDG 6.4.1. Water Use Efficiency,US$/m3,8.956031478,8.382618706,8.173992588,8.499326797,9.377804695,8.849006455,8.879453198,8.962944394,,,,"https://api.data.apps.fao.org/api/v2/bigquery?sql_url=https://data.apps.fao.org/catalog/dataset/945666e6-7803-4621-b8ef-cfd885a84596/resource/4a000a1b-24f0-4328-aab6-b9b525892090/download/query_en.sql&area=Africa&type=all&variable=4016&year=2015,2016,2017,2018,2019,2020,2021,2022",FAO AQUASTAT
South Sudan,"Climate - Sustainable Agric,Landuse, Water & Oceans",Water use,Pressure on water resources,SDG 6.4.2. Agricultural Sector Contribution to Water Stress,%,1.541425819,1.541425819,1.541425819,1.541425819,1.541425819,1.541425819,1.541425819,1.541425819,,,,"https://api.data.apps.fao.org/api/v2/bigquery?sql_url=https://data.apps.fao.org/catalog/dataset/945666e6-7803-4621-b8ef-cfd885a84596/resource/4a000a1b-24f0-4328-aab6-b9b525892090/download/query_en.sql&area=Africa&type=all&variable=4016&year=2015,2016,2017,2018,2019,2020,2021,2022",FAO AQUASTAT
South Sudan,"Climate - Sustainable Agric,Landuse, Water & Oceans",Water use,Pressure on water resources,SDG 6.4.2. Industrial Sector Contribution to Water Stress,%,1.445086705,1.445086705,1.445086705,1.445086705,1.445086705,1.445086705,1.445086705,1.445086705,,,,"https://api.data.apps.fao.org/api/v2/bigquery?sql_url=https://data.apps.fao.org/catalog/dataset/945666e6-7803-4621-b8ef-cfd885a84596/resource/4a000a1b-24f0-4328-aab6-b9b525892090/download/query_en.sql&area=Africa&type=all&variable=4016&year=2015,2016,2017,2018,2019,2020,2021,2022",FAO AQUASTAT
South Sudan,"Climate - Sustainable Agric,Landuse, Water & Oceans",Water use,Pressure on water resources,SDG 6.4.2. Municipal Sector Contribution to Water Stress,%,1.239563263,1.239563263,1.239563263,1.239563263,1.239563263,1.239563263,1.239563263,1.239563263,,,,"https://api.data.apps.fao.org/api/v2/bigquery?sql_url=https://data.apps.fao.org/catalog/dataset/945666e6-7803-4621-b8ef-cfd885a84596/resource/4a000a1b-24f0-4328-aab6-b9b525892090/download/query_en.sql&area=Africa&type=all&variable=4016&year=2015,2016,2017,2018,2019,2020,2021,2022",FAO AQUASTAT
South Sudan,"Climate - Sustainable Agric,Landuse, Water & Oceans",Water use,Pressure on water resources,SDG 6.4.2. Water Stress,%,4.226075787,4.226075787,4.226075787,4.226075787,4.226075787,4.226075787,4.226075787,4.226075787,,,,"https://api.data.apps.fao.org/api/v2/bigquery?sql_url=https://data.apps.fao.org/catalog/dataset/945666e6-7803-4621-b8ef-cfd885a84596/resource/4a000a1b-24f0-4328-aab6-b9b525892090/download/query_en.sql&area=Africa&type=all&variable=4016&year=2015,2016,2017,2018,2019,2020,2021,2022",FAO AQUASTAT
Sudan,"Climate - Sustainable Agric,Landuse, Water & Oceans",Water use,Pressure on water resources,Agricultural water withdrawal as % of total renewable water resources,%,68.544973545,68.544973545,68.544973545,68.544973545,68.544973545,68.544973545,68.544973545,68.544973545,,,,"https://api.data.apps.fao.org/api/v2/bigquery?sql_url=https://data.apps.fao.org/catalog/dataset/945666e6-7803-4621-b8ef-cfd885a84596/resource/4a000a1b-24f0-4328-aab6-b9b525892090/download/query_en.sql&area=Africa&type=all&variable=4016&year=2015,2016,2017,2018,2019,2020,2021,2022",FAO AQUASTAT
Sudan,"Climate - Sustainable Agric,Landuse, Water & Oceans",Water use,Pressure on water resources,SDG 6.4.1. Industrial Water Use Efficiency,US$/m3,178.59084852,208.557554848,210.274259492,293.428273883,269.216095127,252.275007635,261.061163595,248.045818407,,,,"https://api.data.apps.fao.org/api/v2/bigquery?sql_url=https://data.apps.fao.org/catalog/dataset/945666e6-7803-4621-b8ef-cfd885a84596/resource/4a000a1b-24f0-4328-aab6-b9b525892090/download/query_en.sql&area=Africa&type=all&variable=4016&year=2015,2016,2017,2018,2019,2020,2021,2022",FAO AQUASTAT
Sudan,"Climate - Sustainable Agric,Landuse, Water & Oceans",Water use,Pressure on water resources,SDG 6.4.1. Irrigated Agriculture Water Use Efficiency,US$/m3,0.23714674,0.186571194,0.181535907,0.153346415,0.169303908,0.164995231,0.15629566,0.15545312,,,,"https://api.data.apps.fao.org/api/v2/bigquery?sql_url=https://data.apps.fao.org/catalog/dataset/945666e6-7803-4621-b8ef-cfd885a84596/resource/4a000a1b-24f0-4328-aab6-b9b525892090/download/query_en.sql&area=Africa&type=all&variable=4016&year=2015,2016,2017,2018,2019,2020,2021,2022",FAO AQUASTAT
Sudan,"Climate - Sustainable Agric,Landuse, Water & Oceans",Water use,Pressure on water resources,SDG 6.4.1. Services Water Use Efficiency,US$/m3,46.022126928,52.835294972,57.576413555,57.066074201,58.228438941,56.528598696,55.064248879,53.820902013,,,,"https://api.data.apps.fao.org/api/v2/bigquery?sql_url=https://data.apps.fao.org/catalog/dataset/945666e6-7803-4621-b8ef-cfd885a84596/resource/4a000a1b-24f0-4328-aab6-b9b525892090/download/query_en.sql&area=Africa&type=all&variable=4016&year=2015,2016,2017,2018,2019,2020,2021,2022",FAO AQUASTAT
Sudan,"Climate - Sustainable Agric,Landuse, Water & Oceans",Water use,Pressure on water resources,SDG 6.4.1. Water Use Efficiency,US$/m3,2.348609848,2.623701744,2.790857905,2.977282221,2.966210818,2.85494044,2.819389057,2.738484635,,,,"https://api.data.apps.fao.org/api/v2/bigquery?sql_url=https://data.apps.fao.org/catalog/dataset/945666e6-7803-4621-b8ef-cfd885a84596/resource/4a000a1b-24f0-4328-aab6-b9b525892090/download/query_en.sql&area=Africa&type=all&variable=4016&year=2015,2016,2017,2018,2019,2020,2021,2022",FAO AQUASTAT
Sudan,"Climate - Sustainable Agric,Landuse, Water & Oceans",Water use,Pressure on water resources,SDG 6.4.2. Agricultural Sector Contribution to Water Stress,%,114.140969163,114.140969163,114.140969163,114.140969163,114.140969163,114.140969163,114.140969163,114.140969163,,,,"https://api.data.apps.fao.org/api/v2/bigquery?sql_url=https://data.apps.fao.org/catalog/dataset/945666e6-7803-4621-b8ef-cfd885a84596/resource/4a000a1b-24f0-4328-aab6-b9b525892090/download/query_en.sql&area=Africa&type=all&variable=4016&year=2015,2016,2017,2018,2019,2020,2021,2022",FAO AQUASTAT
Sudan,"Climate - Sustainable Agric,Landuse, Water & Oceans",Water use,Pressure on water resources,SDG 6.4.2. Industrial Sector Contribution to Water Stress,%,0.330396476,0.330396476,0.330396476,0.330396476,0.330396476,0.330396476,0.330396476,0.330396476,,,,"https://api.data.apps.fao.org/api/v2/bigquery?sql_url=https://data.apps.fao.org/catalog/dataset/945666e6-7803-4621-b8ef-cfd885a84596/resource/4a000a1b-24f0-4328-aab6-b9b525892090/download/query_en.sql&area=Africa&type=all&variable=4016&year=2015,2016,2017,2018,2019,2020,2021,2022",FAO AQUASTAT
Sudan,"Climate - Sustainable Agric,Landuse, Water & Oceans",Water use,Pressure on water resources,SDG 6.4.2. Municipal Sector Contribution to Water Stress,%,4.185022026,4.185022026,4.185022026,4.185022026,4.185022026,4.185022026,4.185022026,4.185022026,,,,"https://api.data.apps.fao.org/api/v2/bigquery?sql_url=https://data.apps.fao.org/catalog/dataset/945666e6-7803-4621-b8ef-cfd885a84596/resource/4a000a1b-24f0-4328-aab6-b9b525892090/download/query_en.sql&area=Africa&type=all&variable=4016&year=2015,2016,2017,2018,2019,2020,2021,2022",FAO AQUASTAT
Sudan,"Climate - Sustainable Agric,Landuse, Water & Oceans",Water use,Pressure on water resources,SDG 6.4.2. Water Stress,%,118.656387665,118.656387665,118.656387665,118.656387665,118.656387665,118.656387665,118.656387665,118.656387665,,,,"https://api.data.apps.fao.org/api/v2/bigquery?sql_url=https://data.apps.fao.org/catalog/dataset/945666e6-7803-4621-b8ef-cfd885a84596/resource/4a000a1b-24f0-4328-aab6-b9b525892090/download/query_en.sql&area=Africa&type=all&variable=4016&year=2015,2016,2017,2018,2019,2020,2021,2022",FAO AQUASTAT
Tanzania,"Climate - Sustainable Agric,Landuse, Water & Oceans",Water use,Pressure on water resources,Agricultural water withdrawal as % of total renewable water resources,%,4.811467747,4.811467747,4.811467747,4.811467747,4.811467747,4.811467747,4.811467747,4.811467747,,,,"https://api.data.apps.fao.org/api/v2/bigquery?sql_url=https://data.apps.fao.org/catalog/dataset/945666e6-7803-4621-b8ef-cfd885a84596/resource/4a000a1b-24f0-4328-aab6-b9b525892090/download/query_en.sql&area=Africa&type=all&variable=4016&year=2015,2016,2017,2018,2019,2020,2021,2022",FAO AQUASTAT
Tanzania,"Climate - Sustainable Agric,Landuse, Water & Oceans",Water use,Pressure on water resources,SDG 6.4.1. Industrial Water Use Efficiency,US$/m3,448.25682104,495.148333693,534.110488959,641.214284099,725.440812301,790.946650828,820.197592183,793.789816874,,,,"https://api.data.apps.fao.org/api/v2/bigquery?sql_url=https://data.apps.fao.org/catalog/dataset/945666e6-7803-4621-b8ef-cfd885a84596/resource/4a000a1b-24f0-4328-aab6-b9b525892090/download/query_en.sql&area=Africa&type=all&variable=4016&year=2015,2016,2017,2018,2019,2020,2021,2022",FAO AQUASTAT
Tanzania,"Climate - Sustainable Agric,Landuse, Water & Oceans",Water use,Pressure on water resources,SDG 6.4.1. Irrigated Agriculture Water Use Efficiency,US$/m3,0.16635943,0.182248626,0.203720398,0.219364421,0.224142243,0.233657795,0.242157243,0.234360544,,,,"https://api.data.apps.fao.org/api/v2/bigquery?sql_url=https://data.apps.fao.org/catalog/dataset/945666e6-7803-4621-b8ef-cfd885a84596/resource/4a000a1b-24f0-4328-aab6-b9b525892090/download/query_en.sql&area=Africa&type=all&variable=4016&year=2015,2016,2017,2018,2019,2020,2021,2022",FAO AQUASTAT
Tanzania,"Climate - Sustainable Agric,Landuse, Water & Oceans",Water use,Pressure on water resources,SDG 6.4.1. Services Water Use Efficiency,US$/m3,38.653190649,39.934806829,41.10303465,44.904650931,47.45170615,49.27424586,51.358701922,49.705113722,,,,"https://api.data.apps.fao.org/api/v2/bigquery?sql_url=https://data.apps.fao.org/catalog/dataset/945666e6-7803-4621-b8ef-cfd885a84596/resource/4a000a1b-24f0-4328-aab6-b9b525892090/download/query_en.sql&area=Africa&type=all&variable=4016&year=2015,2016,2017,2018,2019,2020,2021,2022",FAO AQUASTAT
Tanzania,"Climate - Sustainable Agric,Landuse, Water & Oceans",Water use,Pressure on water resources,SDG 6.4.1. Water Use Efficiency,US$/m3,6.239820385,6.6104412,6.936283636,7.853241539,8.522626604,9.032310329,9.392871927,9.090451079,,,,"https://api.data.apps.fao.org/api/v2/bigquery?sql_url=https://data.apps.fao.org/catalog/dataset/945666e6-7803-4621-b8ef-cfd885a84596/resource/4a000a1b-24f0-4328-aab6-b9b525892090/download/query_en.sql&area=Africa&type=all&variable=4016&year=2015,2016,2017,2018,2019,2020,2021,2022",FAO AQUASTAT
Tanzania,"Climate - Sustainable Agric,Landuse, Water & Oceans",Water use,Pressure on water resources,SDG 6.4.2. Agricultural Sector Contribution to Water Stress,%,11.582895724,11.582895724,11.582895724,11.582895724,11.582895724,11.582895724,11.582895724,11.582895724,,,,"https://api.data.apps.fao.org/api/v2/bigquery?sql_url=https://data.apps.fao.org/catalog/dataset/945666e6-7803-4621-b8ef-cfd885a84596/resource/4a000a1b-24f0-4328-aab6-b9b525892090/download/query_en.sql&area=Africa&type=all&variable=4016&year=2015,2016,2017,2018,2019,2020,2021,2022",FAO AQUASTAT
Tanzania,"Climate - Sustainable Agric,Landuse, Water & Oceans",Water use,Pressure on water resources,SDG 6.4.2. Industrial Sector Contribution to Water Stress,%,0.062515629,0.062515629,0.062515629,0.062515629,0.062515629,0.062515629,0.062515629,0.062515629,,,,"https://api.data.apps.fao.org/api/v2/bigquery?sql_url=https://data.apps.fao.org/catalog/dataset/945666e6-7803-4621-b8ef-cfd885a84596/resource/4a000a1b-24f0-4328-aab6-b9b525892090/download/query_en.sql&area=Africa&type=all&variable=4016&year=2015,2016,2017,2018,2019,2020,2021,2022",FAO AQUASTAT
Tanzania,"Climate - Sustainable Agric,Landuse, Water & Oceans",Water use,Pressure on water resources,SDG 6.4.2. Municipal Sector Contribution to Water Stress,%,1.317829457,1.317829457,1.317829457,1.317829457,1.317829457,1.317829457,1.317829457,1.317829457,,,,"https://api.data.apps.fao.org/api/v2/bigquery?sql_url=https://data.apps.fao.org/catalog/dataset/945666e6-7803-4621-b8ef-cfd885a84596/resource/4a000a1b-24f0-4328-aab6-b9b525892090/download/query_en.sql&area=Africa&type=all&variable=4016&year=2015,2016,2017,2018,2019,2020,2021,2022",FAO AQUASTAT
Tanzania,"Climate - Sustainable Agric,Landuse, Water & Oceans",Water use,Pressure on water resources,SDG 6.4.2. Water Stress,%,12.96324081,12.96324081,12.96324081,12.96324081,12.96324081,12.96324081,12.96324081,12.96324081,,,,"https://api.data.apps.fao.org/api/v2/bigquery?sql_url=https://data.apps.fao.org/catalog/dataset/945666e6-7803-4621-b8ef-cfd885a84596/resource/4a000a1b-24f0-4328-aab6-b9b525892090/download/query_en.sql&area=Africa&type=all&variable=4016&year=2015,2016,2017,2018,2019,2020,2021,2022",FAO AQUASTAT
Togo,"Climate - Sustainable Agric,Landuse, Water & Oceans",Water use,Pressure on water resources,Agricultural water withdrawal as % of total renewable water resources,%,0.517006803,0.517006803,0.517006803,0.517006803,0.517006803,0.517006803,0.517006803,0.517006803,,,,"https://api.data.apps.fao.org/api/v2/bigquery?sql_url=https://data.apps.fao.org/catalog/dataset/945666e6-7803-4621-b8ef-cfd885a84596/resource/4a000a1b-24f0-4328-aab6-b9b525892090/download/query_en.sql&area=Africa&type=all&variable=4016&year=2015,2016,2017,2018,2019,2020,2021,2022",FAO AQUASTAT
Togo,"Climate - Sustainable Agric,Landuse, Water & Oceans",Water use,Pressure on water resources,SDG 6.4.1. Industrial Water Use Efficiency,US$/m3,173.369816349,167.270210321,168.370982981,179.765300124,174.312266345,179.954633851,196.044085433,209.174090526,,,,"https://api.data.apps.fao.org/api/v2/bigquery?sql_url=https://data.apps.fao.org/catalog/dataset/945666e6-7803-4621-b8ef-cfd885a84596/resource/4a000a1b-24f0-4328-aab6-b9b525892090/download/query_en.sql&area=Africa&type=all&variable=4016&year=2015,2016,2017,2018,2019,2020,2021,2022",FAO AQUASTAT
Togo,"Climate - Sustainable Agric,Landuse, Water & Oceans",Water use,Pressure on water resources,SDG 6.4.1. Irrigated Agriculture Water Use Efficiency,US$/m3,0.0121909,0.013886711,0.014393507,0.014589679,0.01520282,0.01523507,0.015846313,0.016568542,,,,"https://api.data.apps.fao.org/api/v2/bigquery?sql_url=https://data.apps.fao.org/catalog/dataset/945666e6-7803-4621-b8ef-cfd885a84596/resource/4a000a1b-24f0-4328-aab6-b9b525892090/download/query_en.sql&area=Africa&type=all&variable=4016&year=2015,2016,2017,2018,2019,2020,2021,2022",FAO AQUASTAT
Togo,"Climate - Sustainable Agric,Landuse, Water & Oceans",Water use,Pressure on water resources,SDG 6.4.1. Services Water Use Efficiency,US$/m3,21.682444726,23.297107777,24.353150419,25.661023256,27.080405924,27.721833701,29.228602847,31.087826355,,,,"https://api.data.apps.fao.org/api/v2/bigquery?sql_url=https://data.apps.fao.org/catalog/dataset/945666e6-7803-4621-b8ef-cfd885a84596/resource/4a000a1b-24f0-4328-aab6-b9b525892090/download/query_en.sql&area=Africa&type=all&variable=4016&year=2015,2016,2017,2018,2019,2020,2021,2022",FAO AQUASTAT
Togo,"Climate - Sustainable Agric,Landuse, Water & Oceans",Water use,Pressure on water resources,SDG 6.4.1. Water Use Efficiency,US$/m3,18.582405042,19.429420535,20.126992661,21.274153267,22.015855631,22.579973365,23.985410218,25.529655371,,,,"https://api.data.apps.fao.org/api/v2/bigquery?sql_url=https://data.apps.fao.org/catalog/dataset/945666e6-7803-4621-b8ef-cfd885a84596/resource/4a000a1b-24f0-4328-aab6-b9b525892090/download/query_en.sql&area=Africa&type=all&variable=4016&year=2015,2016,2017,2018,2019,2020,2021,2022",FAO AQUASTAT
Togo,"Climate - Sustainable Agric,Landuse, Water & Oceans",Water use,Pressure on water resources,SDG 6.4.2. Agricultural Sector Contribution to Water Stress,%,1.155893536,1.155893536,1.155893536,1.155893536,1.155893536,1.155893536,1.155893536,1.155893536,,,,"https://api.data.apps.fao.org/api/v2/bigquery?sql_url=https://data.apps.fao.org/catalog/dataset/945666e6-7803-4621-b8ef-cfd885a84596/resource/4a000a1b-24f0-4328-aab6-b9b525892090/download/query_en.sql&area=Africa&type=all&variable=4016&year=2015,2016,2017,2018,2019,2020,2021,2022",FAO AQUASTAT
Togo,"Climate - Sustainable Agric,Landuse, Water & Oceans",Water use,Pressure on water resources,SDG 6.4.2. Industrial Sector Contribution to Water Stress,%,0.095817491,0.095817491,0.095817491,0.095817491,0.095817491,0.095817491,0.095817491,0.095817491,,,,"https://api.data.apps.fao.org/api/v2/bigquery?sql_url=https://data.apps.fao.org/catalog/dataset/945666e6-7803-4621-b8ef-cfd885a84596/resource/4a000a1b-24f0-4328-aab6-b9b525892090/download/query_en.sql&area=Africa&type=all&variable=4016&year=2015,2016,2017,2018,2019,2020,2021,2022",FAO AQUASTAT
Togo,"Climate - Sustainable Agric,Landuse, Water & Oceans",Water use,Pressure on water resources,SDG 6.4.2. Municipal Sector Contribution to Water Stress,%,2.139923954,2.139923954,2.139923954,2.139923954,2.139923954,2.139923954,2.139923954,2.139923954,,,,"https://api.data.apps.fao.org/api/v2/bigquery?sql_url=https://data.apps.fao.org/catalog/dataset/945666e6-7803-4621-b8ef-cfd885a84596/resource/4a000a1b-24f0-4328-aab6-b9b525892090/download/query_en.sql&area=Africa&type=all&variable=4016&year=2015,2016,2017,2018,2019,2020,2021,2022",FAO AQUASTAT
Togo,"Climate - Sustainable Agric,Landuse, Water & Oceans",Water use,Pressure on water resources,SDG 6.4.2. Water Stress,%,3.391634981,3.391634981,3.391634981,3.391634981,3.391634981,3.391634981,3.391634981,3.391634981,,,,"https://api.data.apps.fao.org/api/v2/bigquery?sql_url=https://data.apps.fao.org/catalog/dataset/945666e6-7803-4621-b8ef-cfd885a84596/resource/4a000a1b-24f0-4328-aab6-b9b525892090/download/query_en.sql&area=Africa&type=all&variable=4016&year=2015,2016,2017,2018,2019,2020,2021,2022",FAO AQUASTAT
Tunisia,"Climate - Sustainable Agric,Landuse, Water & Oceans",Water use,Pressure on water resources,Agricultural water withdrawal as % of total renewable water resources,%,63.096858072,64.548212351,58.309859155,63.54496208,63.553629469,58.72156013,58.72156013,58.72156013,,,,"https://api.data.apps.fao.org/api/v2/bigquery?sql_url=https://data.apps.fao.org/catalog/dataset/945666e6-7803-4621-b8ef-cfd885a84596/resource/4a000a1b-24f0-4328-aab6-b9b525892090/download/query_en.sql&area=Africa&type=all&variable=4016&year=2015,2016,2017,2018,2019,2020,2021,2022",FAO AQUASTAT
Tunisia,"Climate - Sustainable Agric,Landuse, Water & Oceans",Water use,Pressure on water resources,SDG 6.4.1. Industrial Water Use Efficiency,US$/m3,117.669537318,150.029329992,122.964177125,252.684477919,169.871972183,152.793761637,170.847462277,176.554143344,,,,"https://api.data.apps.fao.org/api/v2/bigquery?sql_url=https://data.apps.fao.org/catalog/dataset/945666e6-7803-4621-b8ef-cfd885a84596/resource/4a000a1b-24f0-4328-aab6-b9b525892090/download/query_en.sql&area=Africa&type=all&variable=4016&year=2015,2016,2017,2018,2019,2020,2021,2022",FAO AQUASTAT
Tunisia,"Climate - Sustainable Agric,Landuse, Water & Oceans",Water use,Pressure on water resources,SDG 6.4.1. Irrigated Agriculture Water Use Efficiency,US$/m3,0.256736993,0.253458997,0.276028594,0.32053467,0.316437185,0.314001113,0.319949857,0.317113947,,,,"https://api.data.apps.fao.org/api/v2/bigquery?sql_url=https://data.apps.fao.org/catalog/dataset/945666e6-7803-4621-b8ef-cfd885a84596/resource/4a000a1b-24f0-4328-aab6-b9b525892090/download/query_en.sql&area=Africa&type=all&variable=4016&year=2015,2016,2017,2018,2019,2020,2021,2022",FAO AQUASTAT
Tunisia,"Climate - Sustainable Agric,Landuse, Water & Oceans",Water use,Pressure on water resources,SDG 6.4.1. Services Water Use Efficiency,US$/m3,41.267446113,41.721670648,36.6450427,35.523875001,37.527674268,35.761483813,37.365648126,38.400868223,,,,"https://api.data.apps.fao.org/api/v2/bigquery?sql_url=https://data.apps.fao.org/catalog/dataset/945666e6-7803-4621-b8ef-cfd885a84596/resource/4a000a1b-24f0-4328-aab6-b9b525892090/download/query_en.sql&area=Africa&type=all&variable=4016&year=2015,2016,2017,2018,2019,2020,2021,2022",FAO AQUASTAT
Tunisia,"Climate - Sustainable Agric,Landuse, Water & Oceans",Water use,Pressure on water resources,SDG 6.4.1. Water Use Efficiency,US$/m3,10.649780982,10.99594872,11.727925758,11.263467845,11.44371641,11.003057064,11.683728627,12.015383929,,,,"https://api.data.apps.fao.org/api/v2/bigquery?sql_url=https://data.apps.fao.org/catalog/dataset/945666e6-7803-4621-b8ef-cfd885a84596/resource/4a000a1b-24f0-4328-aab6-b9b525892090/download/query_en.sql&area=Africa&type=all&variable=4016&year=2015,2016,2017,2018,2019,2020,2021,2022",FAO AQUASTAT
Tunisia,"Climate - Sustainable Agric,Landuse, Water & Oceans",Water use,Pressure on water resources,SDG 6.4.2. Agricultural Sector Contribution to Water Stress,%,72.930728392,74.823923529,66.628308585,73.224445535,73.558398782,74.116996093,74.116996093,74.116996093,,,,"https://api.data.apps.fao.org/api/v2/bigquery?sql_url=https://data.apps.fao.org/catalog/dataset/945666e6-7803-4621-b8ef-cfd885a84596/resource/4a000a1b-24f0-4328-aab6-b9b525892090/download/query_en.sql&area=Africa&type=all&variable=4016&year=2015,2016,2017,2018,2019,2020,2021,2022",FAO AQUASTAT
Tunisia,"Climate - Sustainable Agric,Landuse, Water & Oceans",Water use,Pressure on water resources,SDG 6.4.2. Industrial Sector Contribution to Water Stress,%,2.269129644,1.808493905,2.228371525,1.145583292,1.700395308,1.692930649,1.692930649,1.692930649,,,,"https://api.data.apps.fao.org/api/v2/bigquery?sql_url=https://data.apps.fao.org/catalog/dataset/945666e6-7803-4621-b8ef-cfd885a84596/resource/4a000a1b-24f0-4328-aab6-b9b525892090/download/query_en.sql&area=Africa&type=all&variable=4016&year=2015,2016,2017,2018,2019,2020,2021,2022",FAO AQUASTAT
Tunisia,"Climate - Sustainable Agric,Landuse, Water & Oceans",Water use,Pressure on water resources,SDG 6.4.2. Municipal Sector Contribution to Water Stress,%,16.824619531,17.976931777,20.674335811,21.628752374,21.051796774,22.303472441,22.303472441,22.303472441,,,,"https://api.data.apps.fao.org/api/v2/bigquery?sql_url=https://data.apps.fao.org/catalog/dataset/945666e6-7803-4621-b8ef-cfd885a84596/resource/4a000a1b-24f0-4328-aab6-b9b525892090/download/query_en.sql&area=Africa&type=all&variable=4016&year=2015,2016,2017,2018,2019,2020,2021,2022",FAO AQUASTAT
Tunisia,"Climate - Sustainable Agric,Landuse, Water & Oceans",Water use,Pressure on water resources,SDG 6.4.2. Water Stress,%,92.024477566,94.609349212,89.531015921,95.9987812,96.310590864,98.113399182,98.113399182,98.113399182,,,,"https://api.data.apps.fao.org/api/v2/bigquery?sql_url=https://data.apps.fao.org/catalog/dataset/945666e6-7803-4621-b8ef-cfd885a84596/resource/4a000a1b-24f0-4328-aab6-b9b525892090/download/query_en.sql&area=Africa&type=all&variable=4016&year=2015,2016,2017,2018,2019,2020,2021,2022",FAO AQUASTAT
Uganda,"Climate - Sustainable Agric,Landuse, Water & Oceans",Water use,Pressure on water resources,Agricultural water withdrawal as % of total renewable water resources,%,0.430948419,0.430948419,0.430948419,0.430948419,0.430948419,0.430948419,0.430948419,0.430948419,,,,"https://api.data.apps.fao.org/api/v2/bigquery?sql_url=https://data.apps.fao.org/catalog/dataset/945666e6-7803-4621-b8ef-cfd885a84596/resource/4a000a1b-24f0-4328-aab6-b9b525892090/download/query_en.sql&area=Africa&type=all&variable=4016&year=2015,2016,2017,2018,2019,2020,2021,2022",FAO AQUASTAT
Uganda,"Climate - Sustainable Agric,Landuse, Water & Oceans",Water use,Pressure on water resources,SDG 6.4.1. Industrial Water Use Efficiency,US$/m3,144.7299908,128.171476217,143.081814591,153.66703387,163.874649726,163.654015571,175.582056804,182.342460015,,,,"https://api.data.apps.fao.org/api/v2/bigquery?sql_url=https://data.apps.fao.org/catalog/dataset/945666e6-7803-4621-b8ef-cfd885a84596/resource/4a000a1b-24f0-4328-aab6-b9b525892090/download/query_en.sql&area=Africa&type=all&variable=4016&year=2015,2016,2017,2018,2019,2020,2021,2022",FAO AQUASTAT
Uganda,"Climate - Sustainable Agric,Landuse, Water & Oceans",Water use,Pressure on water resources,SDG 6.4.1. Irrigated Agriculture Water Use Efficiency,US$/m3,0.033298768,0.036151313,0.036656931,0.038732438,0.042875491,0.044415724,0.045246252,0.050700222,,,,"https://api.data.apps.fao.org/api/v2/bigquery?sql_url=https://data.apps.fao.org/catalog/dataset/945666e6-7803-4621-b8ef-cfd885a84596/resource/4a000a1b-24f0-4328-aab6-b9b525892090/download/query_en.sql&area=Africa&type=all&variable=4016&year=2015,2016,2017,2018,2019,2020,2021,2022",FAO AQUASTAT
Uganda,"Climate - Sustainable Agric,Landuse, Water & Oceans",Water use,Pressure on water resources,SDG 6.4.1. Services Water Use Efficiency,US$/m3,44.192302906,42.820096622,45.788452783,47.581349184,51.137482586,49.255005402,52.159121379,54.627832969,,,,"https://api.data.apps.fao.org/api/v2/bigquery?sql_url=https://data.apps.fao.org/catalog/dataset/945666e6-7803-4621-b8ef-cfd885a84596/resource/4a000a1b-24f0-4328-aab6-b9b525892090/download/query_en.sql&area=Africa&type=all&variable=4016&year=2015,2016,2017,2018,2019,2020,2021,2022",FAO AQUASTAT
Uganda,"Climate - Sustainable Agric,Landuse, Water & Oceans",Water use,Pressure on water resources,SDG 6.4.1. Water Use Efficiency,US$/m3,34.129041247,32.123906896,34.822915836,36.577811503,39.211823433,38.225818247,40.657791887,42.461826644,,,,"https://api.data.apps.fao.org/api/v2/bigquery?sql_url=https://data.apps.fao.org/catalog/dataset/945666e6-7803-4621-b8ef-cfd885a84596/resource/4a000a1b-24f0-4328-aab6-b9b525892090/download/query_en.sql&area=Africa&type=all&variable=4016&year=2015,2016,2017,2018,2019,2020,2021,2022",FAO AQUASTAT
Uganda,"Climate - Sustainable Agric,Landuse, Water & Oceans",Water use,Pressure on water resources,SDG 6.4.2. Agricultural Sector Contribution to Water Stress,%,2.369624886,2.369624886,2.369624886,2.369624886,2.369624886,2.369624886,2.369624886,2.369624886,,,,"https://api.data.apps.fao.org/api/v2/bigquery?sql_url=https://data.apps.fao.org/catalog/dataset/945666e6-7803-4621-b8ef-cfd885a84596/resource/4a000a1b-24f0-4328-aab6-b9b525892090/download/query_en.sql&area=Africa&type=all&variable=4016&year=2015,2016,2017,2018,2019,2020,2021,2022",FAO AQUASTAT
Uganda,"Climate - Sustainable Agric,Landuse, Water & Oceans",Water use,Pressure on water resources,SDG 6.4.2. Industrial Sector Contribution to Water Stress,%,0.457456542,0.457456542,0.457456542,0.457456542,0.457456542,0.457456542,0.457456542,0.457456542,,,,"https://api.data.apps.fao.org/api/v2/bigquery?sql_url=https://data.apps.fao.org/catalog/dataset/945666e6-7803-4621-b8ef-cfd885a84596/resource/4a000a1b-24f0-4328-aab6-b9b525892090/download/query_en.sql&area=Africa&type=all&variable=4016&year=2015,2016,2017,2018,2019,2020,2021,2022",FAO AQUASTAT
Uganda,"Climate - Sustainable Agric,Landuse, Water & Oceans",Water use,Pressure on water resources,SDG 6.4.2. Municipal Sector Contribution to Water Stress,%,3.000914913,3.000914913,3.000914913,3.000914913,3.000914913,3.000914913,3.000914913,3.000914913,,,,"https://api.data.apps.fao.org/api/v2/bigquery?sql_url=https://data.apps.fao.org/catalog/dataset/945666e6-7803-4621-b8ef-cfd885a84596/resource/4a000a1b-24f0-4328-aab6-b9b525892090/download/query_en.sql&area=Africa&type=all&variable=4016&year=2015,2016,2017,2018,2019,2020,2021,2022",FAO AQUASTAT
Uganda,"Climate - Sustainable Agric,Landuse, Water & Oceans",Water use,Pressure on water resources,SDG 6.4.2. Water Stress,%,5.82799634,5.82799634,5.82799634,5.82799634,5.82799634,5.82799634,5.82799634,5.82799634,,,,"https://api.data.apps.fao.org/api/v2/bigquery?sql_url=https://data.apps.fao.org/catalog/dataset/945666e6-7803-4621-b8ef-cfd885a84596/resource/4a000a1b-24f0-4328-aab6-b9b525892090/download/query_en.sql&area=Africa&type=all&variable=4016&year=2015,2016,2017,2018,2019,2020,2021,2022",FAO AQUASTAT
Zambia,"Climate - Sustainable Agric,Landuse, Water & Oceans",Water use,Pressure on water resources,Agricultural water withdrawal as % of total renewable water resources,%,1.099236641,1.099236641,1.099236641,1.099236641,1.099236641,1.099236641,1.099236641,1.099236641,,,,"https://api.data.apps.fao.org/api/v2/bigquery?sql_url=https://data.apps.fao.org/catalog/dataset/945666e6-7803-4621-b8ef-cfd885a84596/resource/4a000a1b-24f0-4328-aab6-b9b525892090/download/query_en.sql&area=Africa&type=all&variable=4016&year=2015,2016,2017,2018,2019,2020,2021,2022",FAO AQUASTAT
Zambia,"Climate - Sustainable Agric,Landuse, Water & Oceans",Water use,Pressure on water resources,SDG 6.4.1. Industrial Water Use Efficiency,US$/m3,49.620377646,52.799999697,55.999291721,56.116932167,58.151209491,66.822468413,74.959337499,66.005668514,,,,"https://api.data.apps.fao.org/api/v2/bigquery?sql_url=https://data.apps.fao.org/catalog/dataset/945666e6-7803-4621-b8ef-cfd885a84596/resource/4a000a1b-24f0-4328-aab6-b9b525892090/download/query_en.sql&area=Africa&type=all&variable=4016&year=2015,2016,2017,2018,2019,2020,2021,2022",FAO AQUASTAT
Zambia,"Climate - Sustainable Agric,Landuse, Water & Oceans",Water use,Pressure on water resources,SDG 6.4.1. Irrigated Agriculture Water Use Efficiency,US$/m3,0.053953249,0.069960507,0.081662789,0.039717816,0.034496864,0.034991156,0.041691978,0.04062596,,,,"https://api.data.apps.fao.org/api/v2/bigquery?sql_url=https://data.apps.fao.org/catalog/dataset/945666e6-7803-4621-b8ef-cfd885a84596/resource/4a000a1b-24f0-4328-aab6-b9b525892090/download/query_en.sql&area=Africa&type=all&variable=4016&year=2015,2016,2017,2018,2019,2020,2021,2022",FAO AQUASTAT
Zambia,"Climate - Sustainable Agric,Landuse, Water & Oceans",Water use,Pressure on water resources,SDG 6.4.1. Services Water Use Efficiency,US$/m3,43.5950587,43.980475861,42.726757857,43.634086422,44.065585156,44.659718593,43.160582773,51.054235203,,,,"https://api.data.apps.fao.org/api/v2/bigquery?sql_url=https://data.apps.fao.org/catalog/dataset/945666e6-7803-4621-b8ef-cfd885a84596/resource/4a000a1b-24f0-4328-aab6-b9b525892090/download/query_en.sql&area=Africa&type=all&variable=4016&year=2015,2016,2017,2018,2019,2020,2021,2022",FAO AQUASTAT
Zambia,"Climate - Sustainable Agric,Landuse, Water & Oceans",Water use,Pressure on water resources,SDG 6.4.1. Water Use Efficiency,US$/m3,12.185350038,12.531127522,12.57299188,12.71936461,12.963369794,13.790425635,14.191674324,14.906657902,,,,"https://api.data.apps.fao.org/api/v2/bigquery?sql_url=https://data.apps.fao.org/catalog/dataset/945666e6-7803-4621-b8ef-cfd885a84596/resource/4a000a1b-24f0-4328-aab6-b9b525892090/download/query_en.sql&area=Africa&type=all&variable=4016&year=2015,2016,2017,2018,2019,2020,2021,2022",FAO AQUASTAT
Zambia,"Climate - Sustainable Agric,Landuse, Water & Oceans",Water use,Pressure on water resources,SDG 6.4.2. Agricultural Sector Contribution to Water Stress,%,2.077922078,2.077922078,2.077922078,2.077922078,2.077922078,2.077922078,2.077922078,2.077922078,,,,"https://api.data.apps.fao.org/api/v2/bigquery?sql_url=https://data.apps.fao.org/catalog/dataset/945666e6-7803-4621-b8ef-cfd885a84596/resource/4a000a1b-24f0-4328-aab6-b9b525892090/download/query_en.sql&area=Africa&type=all&variable=4016&year=2015,2016,2017,2018,2019,2020,2021,2022",FAO AQUASTAT
Zambia,"Climate - Sustainable Agric,Landuse, Water & Oceans",Water use,Pressure on water resources,SDG 6.4.2. Industrial Sector Contribution to Water Stress,%,0.234487734,0.234487734,0.234487734,0.234487734,0.234487734,0.234487734,0.234487734,0.234487734,,,,"https://api.data.apps.fao.org/api/v2/bigquery?sql_url=https://data.apps.fao.org/catalog/dataset/945666e6-7803-4621-b8ef-cfd885a84596/resource/4a000a1b-24f0-4328-aab6-b9b525892090/download/query_en.sql&area=Africa&type=all&variable=4016&year=2015,2016,2017,2018,2019,2020,2021,2022",FAO AQUASTAT
Zambia,"Climate - Sustainable Agric,Landuse, Water & Oceans",Water use,Pressure on water resources,SDG 6.4.2. Municipal Sector Contribution to Water Stress,%,0.523088023,0.523088023,0.523088023,0.523088023,0.523088023,0.523088023,0.523088023,0.523088023,,,,"https://api.data.apps.fao.org/api/v2/bigquery?sql_url=https://data.apps.fao.org/catalog/dataset/945666e6-7803-4621-b8ef-cfd885a84596/resource/4a000a1b-24f0-4328-aab6-b9b525892090/download/query_en.sql&area=Africa&type=all&variable=4016&year=2015,2016,2017,2018,2019,2020,2021,2022",FAO AQUASTAT
Zambia,"Climate - Sustainable Agric,Landuse, Water & Oceans",Water use,Pressure on water resources,SDG 6.4.2. Water Stress,%,2.835497836,2.835497836,2.835497836,2.835497836,2.835497836,2.835497836,2.835497836,2.835497836,,,,"https://api.data.apps.fao.org/api/v2/bigquery?sql_url=https://data.apps.fao.org/catalog/dataset/945666e6-7803-4621-b8ef-cfd885a84596/resource/4a000a1b-24f0-4328-aab6-b9b525892090/download/query_en.sql&area=Africa&type=all&variable=4016&year=2015,2016,2017,2018,2019,2020,2021,2022",FAO AQUASTAT
Zimbabwe,"Climate - Sustainable Agric,Landuse, Water & Oceans",Water use,Pressure on water resources,Agricultural water withdrawal as % of total renewable water resources,%,13.415,13.605,13.85,15.205348255,17.967401865,21.406246975,21.406246975,21.406246975,,,,"https://api.data.apps.fao.org/api/v2/bigquery?sql_url=https://data.apps.fao.org/catalog/dataset/945666e6-7803-4621-b8ef-cfd885a84596/resource/4a000a1b-24f0-4328-aab6-b9b525892090/download/query_en.sql&area=Africa&type=all&variable=4016&year=2015,2016,2017,2018,2019,2020,2021,2022",FAO AQUASTAT
Zimbabwe,"Climate - Sustainable Agric,Landuse, Water & Oceans",Water use,Pressure on water resources,SDG 6.4.1. Industrial Water Use Efficiency,US$/m3,47.776984865,48.624358326,64.494320867,66.392244955,73.719440117,71.967735876,67.376578161,100.246207266,,,,"https://api.data.apps.fao.org/api/v2/bigquery?sql_url=https://data.apps.fao.org/catalog/dataset/945666e6-7803-4621-b8ef-cfd885a84596/resource/4a000a1b-24f0-4328-aab6-b9b525892090/download/query_en.sql&area=Africa&type=all&variable=4016&year=2015,2016,2017,2018,2019,2020,2021,2022",FAO AQUASTAT
Zimbabwe,"Climate - Sustainable Agric,Landuse, Water & Oceans",Water use,Pressure on water resources,SDG 6.4.1. Irrigated Agriculture Water Use Efficiency,US$/m3,0.053558636,0.05038533,0.047521303,0.045594981,0.051627525,0.042450741,0.045521412,0.038165639,,,,"https://api.data.apps.fao.org/api/v2/bigquery?sql_url=https://data.apps.fao.org/catalog/dataset/945666e6-7803-4621-b8ef-cfd885a84596/resource/4a000a1b-24f0-4328-aab6-b9b525892090/download/query_en.sql&area=Africa&type=all&variable=4016&year=2015,2016,2017,2018,2019,2020,2021,2022",FAO AQUASTAT
Zimbabwe,"Climate - Sustainable Agric,Landuse, Water & Oceans",Water use,Pressure on water resources,SDG 6.4.1. Services Water Use Efficiency,US$/m3,19.45662611,21.093043245,26.786930642,21.245329014,20.555566092,19.99928591,22.53439964,17.128850165,,,,"https://api.data.apps.fao.org/api/v2/bigquery?sql_url=https://data.apps.fao.org/catalog/dataset/945666e6-7803-4621-b8ef-cfd885a84596/resource/4a000a1b-24f0-4328-aab6-b9b525892090/download/query_en.sql&area=Africa&type=all&variable=4016&year=2015,2016,2017,2018,2019,2020,2021,2022",FAO AQUASTAT
Zimbabwe,"Climate - Sustainable Agric,Landuse, Water & Oceans",Water use,Pressure on water resources,SDG 6.4.1. Water Use Efficiency,US$/m3,4.804815635,4.919946517,5.524080681,5.124691673,4.183709375,3.45799174,3.667078997,3.602973176,,,,"https://api.data.apps.fao.org/api/v2/bigquery?sql_url=https://data.apps.fao.org/catalog/dataset/945666e6-7803-4621-b8ef-cfd885a84596/resource/4a000a1b-24f0-4328-aab6-b9b525892090/download/query_en.sql&area=Africa&type=all&variable=4016&year=2015,2016,2017,2018,2019,2020,2021,2022",FAO AQUASTAT
Zimbabwe,"Climate - Sustainable Agric,Landuse, Water & Oceans",Water use,Pressure on water resources,SDG 6.4.2. Agricultural Sector Contribution to Water Stress,%,25.187758168,25.546751486,26.003727408,28.549283243,33.735264485,40.191977047,40.191977047,40.191977047,,,,"https://api.data.apps.fao.org/api/v2/bigquery?sql_url=https://data.apps.fao.org/catalog/dataset/945666e6-7803-4621-b8ef-cfd885a84596/resource/4a000a1b-24f0-4328-aab6-b9b525892090/download/query_en.sql&area=Africa&type=all&variable=4016&year=2015,2016,2017,2018,2019,2020,2021,2022",FAO AQUASTAT
Zimbabwe,"Climate - Sustainable Agric,Landuse, Water & Oceans",Water use,Pressure on water resources,SDG 6.4.2. Industrial Sector Contribution to Water Stress,%,0.764175742,0.764243135,0.764152856,0.763725122,0.763725122,0.763725122,0.763725122,0.763725122,,,,"https://api.data.apps.fao.org/api/v2/bigquery?sql_url=https://data.apps.fao.org/catalog/dataset/945666e6-7803-4621-b8ef-cfd885a84596/resource/4a000a1b-24f0-4328-aab6-b9b525892090/download/query_en.sql&area=Africa&type=all&variable=4016&year=2015,2016,2017,2018,2019,2020,2021,2022",FAO AQUASTAT
Zimbabwe,"Climate - Sustainable Agric,Landuse, Water & Oceans",Water use,Pressure on water resources,SDG 6.4.2. Municipal Sector Contribution to Water Stress,%,5.926586557,5.626669667,4.578345797,6.092377018,5.270672174,5.135918137,5.135918137,5.135918137,,,,"https://api.data.apps.fao.org/api/v2/bigquery?sql_url=https://data.apps.fao.org/catalog/dataset/945666e6-7803-4621-b8ef-cfd885a84596/resource/4a000a1b-24f0-4328-aab6-b9b525892090/download/query_en.sql&area=Africa&type=all&variable=4016&year=2015,2016,2017,2018,2019,2020,2021,2022",FAO AQUASTAT
Zimbabwe,"Climate - Sustainable Agric,Landuse, Water & Oceans",Water use,Pressure on water resources,SDG 6.4.2. Water Stress,%,31.878520466,31.937664288,31.346226061,35.405385383,39.769661782,46.091620306,46.091620306,46.091620306,,,,"https://api.data.apps.fao.org/api/v2/bigquery?sql_url=https://data.apps.fao.org/catalog/dataset/945666e6-7803-4621-b8ef-cfd885a84596/resource/4a000a1b-24f0-4328-aab6-b9b525892090/download/query_en.sql&area=Africa&type=all&variable=4016&year=2015,2016,2017,2018,2019,2020,2021,2022",FAO AQUASTAT
